0.0, 0
0.0, 1
0.0, 2
0.0, 3
0.0, 4
0.0, 5
0.0, 8
0.0, 9
0.0, 12
0.0, 13
0.0, 16
0.0, 17
0.0, 1,0
0.0, 2,0
0.0, 3,0
0.0, 4,0
0.0, 5,0
0.0, 8,0
0.0, 9,0
0.0, 12,0
0.0, 13,0
0.0, 16,0
0.0, 17,0
0.0, 2,1
0.0, 3,1
0.0, 4,1
0.0, 5,1
0.0, 8,1
0.0, 9,1
0.0, 12,1
0.0, 13,1
0.0, 16,1
0.0, 17,1
0.0, 3,2
0.0, 4,2
0.0, 5,2
0.0, 8,2
0.0, 9,2
0.0, 12,2
0.0, 13,2
0.0, 16,2
0.0, 17,2
0.0, 4,3
0.0, 5,3
0.0, 8,3
0.0, 9,3
0.0, 12,3
0.0, 13,3
0.0, 16,3
0.0, 17,3
38412.0, 5,4
0.0, 8,4
2106.33, 9,4
0.0, 12,4
2638.33, 13,4
0.0, 16,4
4744.67, 17,4
2106.33, 8,5
0.0, 9,5
2638.33, 12,5
0.0, 13,5
4744.67, 16,5
0.0, 17,5
39305.0, 9,8
0.0, 12,8
1745.33, 13,8
0.0, 16,8
3851.67, 17,8
1745.33, 12,9
0.0, 13,9
3851.67, 16,9
0.0, 17,9
38773.0, 13,12
0.0, 16,12
4383.67, 17,12
4383.67, 16,13
0.0, 17,13
36020.0, 17,16
0.0, 2,1,0
0.0, 3,1,0
0.0, 4,1,0
31967.0, 5,1,0
0.0, 8,1,0
31639.0, 9,1,0
0.0, 12,1,0
30440.0, 13,1,0
0.0, 16,1,0
30000.0, 17,1,0
0.0, 3,2,0
0.0, 4,2,0
0.0, 5,2,0
0.0, 8,2,0
0.0, 9,2,0
0.0, 12,2,0
0.0, 13,2,0
0.0, 16,2,0
0.0, 17,2,0
0.0, 4,3,0
0.0, 5,3,0
0.0, 8,3,0
0.0, 9,3,0
0.0, 12,3,0
0.0, 13,3,0
0.0, 16,3,0
0.0, 17,3,0
38412.0, 5,4,0
0.0, 8,4,0
2106.33, 9,4,0
0.0, 12,4,0
2638.33, 13,4,0
0.0, 16,4,0
4744.67, 17,4,0
2106.33, 8,5,0
0.0, 9,5,0
2638.33, 12,5,0
0.0, 13,5,0
4744.67, 16,5,0
0.0, 17,5,0
39305.0, 9,8,0
0.0, 12,8,0
1745.33, 13,8,0
0.0, 16,8,0
3851.67, 17,8,0
1745.33, 12,9,0
0.0, 13,9,0
3851.67, 16,9,0
0.0, 17,9,0
38773.0, 13,12,0
0.0, 16,12,0
4383.67, 17,12,0
4383.67, 16,13,0
0.0, 17,13,0
36020.0, 17,16,0
0.0, 3,2,1
0.0, 4,2,1
0.0, 5,2,1
0.0, 8,2,1
0.0, 9,2,1
0.0, 12,2,1
0.0, 13,2,1
0.0, 16,2,1
0.0, 17,2,1
0.0, 4,3,1
0.0, 5,3,1
0.0, 8,3,1
0.0, 9,3,1
0.0, 12,3,1
0.0, 13,3,1
0.0, 16,3,1
0.0, 17,3,1
38412.0, 5,4,1
0.0, 8,4,1
2106.33, 9,4,1
0.0, 12,4,1
2638.33, 13,4,1
0.0, 16,4,1
4744.67, 17,4,1
2106.33, 8,5,1
0.0, 9,5,1
2638.33, 12,5,1
0.0, 13,5,1
4744.67, 16,5,1
0.0, 17,5,1
39305.0, 9,8,1
0.0, 12,8,1
1745.33, 13,8,1
0.0, 16,8,1
3851.67, 17,8,1
1745.33, 12,9,1
0.0, 13,9,1
3851.67, 16,9,1
0.0, 17,9,1
38773.0, 13,12,1
0.0, 16,12,1
4383.67, 17,12,1
4383.67, 16,13,1
0.0, 17,13,1
36020.0, 17,16,1
31967.0, 4,3,2
0.0, 5,3,2
31639.0, 8,3,2
0.0, 9,3,2
30440.0, 12,3,2
0.0, 13,3,2
30000.0, 16,3,2
0.0, 17,3,2
38412.0, 5,4,2
0.0, 8,4,2
2106.33, 9,4,2
0.0, 12,4,2
2638.33, 13,4,2
0.0, 16,4,2
4744.67, 17,4,2
2106.33, 8,5,2
0.0, 9,5,2
2638.33, 12,5,2
0.0, 13,5,2
4744.67, 16,5,2
0.0, 17,5,2
39305.0, 9,8,2
0.0, 12,8,2
1745.33, 13,8,2
0.0, 16,8,2
3851.67, 17,8,2
1745.33, 12,9,2
0.0, 13,9,2
3851.67, 16,9,2
0.0, 17,9,2
38773.0, 13,12,2
0.0, 16,12,2
4383.67, 17,12,2
4383.67, 16,13,2
0.0, 17,13,2
36020.0, 17,16,2
38412.0, 5,4,3
0.0, 8,4,3
2106.33, 9,4,3
0.0, 12,4,3
2638.33, 13,4,3
0.0, 16,4,3
4744.67, 17,4,3
2106.33, 8,5,3
0.0, 9,5,3
2638.33, 12,5,3
0.0, 13,5,3
4744.67, 16,5,3
0.0, 17,5,3
39305.0, 9,8,3
0.0, 12,8,3
1745.33, 13,8,3
0.0, 16,8,3
3851.67, 17,8,3
1745.33, 12,9,3
0.0, 13,9,3
3851.67, 16,9,3
0.0, 17,9,3
38773.0, 13,12,3
0.0, 16,12,3
4383.67, 17,12,3
4383.67, 16,13,3
0.0, 17,13,3
36020.0, 17,16,3
38412.0, 8,5,4
38412.0, 9,5,4
38412.0, 12,5,4
38412.0, 13,5,4
38412.0, 16,5,4
38412.0, 17,5,4
39305.0, 9,8,4
0.0, 12,8,4
14353.33, 13,8,4
0.0, 16,8,4
17106.33, 17,8,4
14353.33, 12,9,4
14353.33, 13,9,4
17106.33, 16,9,4
17106.33, 17,9,4
38773.0, 13,12,4
0.0, 16,12,4
17638.33, 17,12,4
17638.33, 16,13,4
17638.33, 17,13,4
36020.0, 17,16,4
39305.0, 9,8,5
14353.33, 12,8,5
14353.33, 13,8,5
17106.33, 16,8,5
17106.33, 17,8,5
14353.33, 12,9,5
0.0, 13,9,5
17106.33, 16,9,5
0.0, 17,9,5
38773.0, 13,12,5
17638.33, 16,12,5
17638.33, 17,12,5
17638.33, 16,13,5
0.0, 17,13,5
36020.0, 17,16,5
39305.0, 12,9,8
39305.0, 13,9,8
39305.0, 16,9,8
39305.0, 17,9,8
38773.0, 13,12,8
0.0, 16,12,8
16745.33, 17,12,8
16745.33, 16,13,8
16745.33, 17,13,8
36020.0, 17,16,8
38773.0, 13,12,9
16745.33, 16,12,9
16745.33, 17,12,9
16745.33, 16,13,9
0.0, 17,13,9
36020.0, 17,16,9
38773.0, 16,13,12
38773.0, 17,13,12
36020.0, 17,16,12
36020.0, 17,16,13
44046.0, 3,2,1,0
0.0, 4,2,1,0
31967.0, 5,2,1,0
0.0, 8,2,1,0
31639.0, 9,2,1,0
0.0, 12,2,1,0
30440.0, 13,2,1,0
0.0, 16,2,1,0
30000.0, 17,2,1,0
0.0, 4,3,1,0
31967.0, 5,3,1,0
0.0, 8,3,1,0
31639.0, 9,3,1,0
0.0, 12,3,1,0
30440.0, 13,3,1,0
0.0, 16,3,1,0
30000.0, 17,3,1,0
38412.0, 5,4,1,0
0.0, 8,4,1,0
31639.0, 9,4,1,0
0.0, 12,4,1,0
30440.0, 13,4,1,0
0.0, 16,4,1,0
30000.0, 17,4,1,0
31967.0, 8,5,1,0
50272.67, 9,5,1,0
31967.0, 12,5,1,0
49073.67, 13,5,1,0
31967.0, 16,5,1,0
48633.67, 17,5,1,0
39305.0, 9,8,1,0
0.0, 12,8,1,0
30440.0, 13,8,1,0
0.0, 16,8,1,0
30000.0, 17,8,1,0
31639.0, 12,9,1,0
48745.67, 13,9,1,0
31639.0, 16,9,1,0
48305.67, 17,9,1,0
38773.0, 13,12,1,0
0.0, 16,12,1,0
30000.0, 17,12,1,0
30440.0, 16,13,1,0
47106.67, 17,13,1,0
36020.0, 17,16,1,0
31967.0, 4,3,2,0
0.0, 5,3,2,0
31639.0, 8,3,2,0
0.0, 9,3,2,0
30440.0, 12,3,2,0
0.0, 13,3,2,0
30000.0, 16,3,2,0
0.0, 17,3,2,0
38412.0, 5,4,2,0
0.0, 8,4,2,0
2106.33, 9,4,2,0
0.0, 12,4,2,0
2638.33, 13,4,2,0
0.0, 16,4,2,0
4744.67, 17,4,2,0
2106.33, 8,5,2,0
0.0, 9,5,2,0
2638.33, 12,5,2,0
0.0, 13,5,2,0
4744.67, 16,5,2,0
0.0, 17,5,2,0
39305.0, 9,8,2,0
0.0, 12,8,2,0
1745.33, 13,8,2,0
0.0, 16,8,2,0
3851.67, 17,8,2,0
1745.33, 12,9,2,0
0.0, 13,9,2,0
3851.67, 16,9,2,0
0.0, 17,9,2,0
38773.0, 13,12,2,0
0.0, 16,12,2,0
4383.67, 17,12,2,0
4383.67, 16,13,2,0
0.0, 17,13,2,0
36020.0, 17,16,2,0
38412.0, 5,4,3,0
0.0, 8,4,3,0
2106.33, 9,4,3,0
0.0, 12,4,3,0
2638.33, 13,4,3,0
0.0, 16,4,3,0
4744.67, 17,4,3,0
2106.33, 8,5,3,0
0.0, 9,5,3,0
2638.33, 12,5,3,0
0.0, 13,5,3,0
4744.67, 16,5,3,0
0.0, 17,5,3,0
39305.0, 9,8,3,0
0.0, 12,8,3,0
1745.33, 13,8,3,0
0.0, 16,8,3,0
3851.67, 17,8,3,0
1745.33, 12,9,3,0
0.0, 13,9,3,0
3851.67, 16,9,3,0
0.0, 17,9,3,0
38773.0, 13,12,3,0
0.0, 16,12,3,0
4383.67, 17,12,3,0
4383.67, 16,13,3,0
0.0, 17,13,3,0
36020.0, 17,16,3,0
38412.0, 8,5,4,0
38412.0, 9,5,4,0
38412.0, 12,5,4,0
38412.0, 13,5,4,0
38412.0, 16,5,4,0
38412.0, 17,5,4,0
39305.0, 9,8,4,0
0.0, 12,8,4,0
14353.33, 13,8,4,0
0.0, 16,8,4,0
17106.33, 17,8,4,0
14353.33, 12,9,4,0
14353.33, 13,9,4,0
17106.33, 16,9,4,0
17106.33, 17,9,4,0
38773.0, 13,12,4,0
0.0, 16,12,4,0
17638.33, 17,12,4,0
17638.33, 16,13,4,0
17638.33, 17,13,4,0
36020.0, 17,16,4,0
39305.0, 9,8,5,0
14353.33, 12,8,5,0
14353.33, 13,8,5,0
17106.33, 16,8,5,0
17106.33, 17,8,5,0
14353.33, 12,9,5,0
0.0, 13,9,5,0
17106.33, 16,9,5,0
0.0, 17,9,5,0
38773.0, 13,12,5,0
17638.33, 16,12,5,0
17638.33, 17,12,5,0
17638.33, 16,13,5,0
0.0, 17,13,5,0
36020.0, 17,16,5,0
39305.0, 12,9,8,0
39305.0, 13,9,8,0
39305.0, 16,9,8,0
39305.0, 17,9,8,0
38773.0, 13,12,8,0
0.0, 16,12,8,0
16745.33, 17,12,8,0
16745.33, 16,13,8,0
16745.33, 17,13,8,0
36020.0, 17,16,8,0
38773.0, 13,12,9,0
16745.33, 16,12,9,0
16745.33, 17,12,9,0
16745.33, 16,13,9,0
0.0, 17,13,9,0
36020.0, 17,16,9,0
38773.0, 16,13,12,0
38773.0, 17,13,12,0
36020.0, 17,16,12,0
36020.0, 17,16,13,0
31967.0, 4,3,2,1
0.0, 5,3,2,1
31639.0, 8,3,2,1
0.0, 9,3,2,1
30440.0, 12,3,2,1
0.0, 13,3,2,1
30000.0, 16,3,2,1
0.0, 17,3,2,1
38412.0, 5,4,2,1
0.0, 8,4,2,1
2106.33, 9,4,2,1
0.0, 12,4,2,1
2638.33, 13,4,2,1
0.0, 16,4,2,1
4744.67, 17,4,2,1
2106.33, 8,5,2,1
0.0, 9,5,2,1
2638.33, 12,5,2,1
0.0, 13,5,2,1
4744.67, 16,5,2,1
0.0, 17,5,2,1
39305.0, 9,8,2,1
0.0, 12,8,2,1
1745.33, 13,8,2,1
0.0, 16,8,2,1
3851.67, 17,8,2,1
1745.33, 12,9,2,1
0.0, 13,9,2,1
3851.67, 16,9,2,1
0.0, 17,9,2,1
38773.0, 13,12,2,1
0.0, 16,12,2,1
4383.67, 17,12,2,1
4383.67, 16,13,2,1
0.0, 17,13,2,1
36020.0, 17,16,2,1
38412.0, 5,4,3,1
0.0, 8,4,3,1
2106.33, 9,4,3,1
0.0, 12,4,3,1
2638.33, 13,4,3,1
0.0, 16,4,3,1
4744.67, 17,4,3,1
2106.33, 8,5,3,1
0.0, 9,5,3,1
2638.33, 12,5,3,1
0.0, 13,5,3,1
4744.67, 16,5,3,1
0.0, 17,5,3,1
39305.0, 9,8,3,1
0.0, 12,8,3,1
1745.33, 13,8,3,1
0.0, 16,8,3,1
3851.67, 17,8,3,1
1745.33, 12,9,3,1
0.0, 13,9,3,1
3851.67, 16,9,3,1
0.0, 17,9,3,1
38773.0, 13,12,3,1
0.0, 16,12,3,1
4383.67, 17,12,3,1
4383.67, 16,13,3,1
0.0, 17,13,3,1
36020.0, 17,16,3,1
38412.0, 8,5,4,1
38412.0, 9,5,4,1
38412.0, 12,5,4,1
38412.0, 13,5,4,1
38412.0, 16,5,4,1
38412.0, 17,5,4,1
39305.0, 9,8,4,1
0.0, 12,8,4,1
14353.33, 13,8,4,1
0.0, 16,8,4,1
17106.33, 17,8,4,1
14353.33, 12,9,4,1
14353.33, 13,9,4,1
17106.33, 16,9,4,1
17106.33, 17,9,4,1
38773.0, 13,12,4,1
0.0, 16,12,4,1
17638.33, 17,12,4,1
17638.33, 16,13,4,1
17638.33, 17,13,4,1
36020.0, 17,16,4,1
39305.0, 9,8,5,1
14353.33, 12,8,5,1
14353.33, 13,8,5,1
17106.33, 16,8,5,1
17106.33, 17,8,5,1
14353.33, 12,9,5,1
0.0, 13,9,5,1
17106.33, 16,9,5,1
0.0, 17,9,5,1
38773.0, 13,12,5,1
17638.33, 16,12,5,1
17638.33, 17,12,5,1
17638.33, 16,13,5,1
0.0, 17,13,5,1
36020.0, 17,16,5,1
39305.0, 12,9,8,1
39305.0, 13,9,8,1
39305.0, 16,9,8,1
39305.0, 17,9,8,1
38773.0, 13,12,8,1
0.0, 16,12,8,1
16745.33, 17,12,8,1
16745.33, 16,13,8,1
16745.33, 17,13,8,1
36020.0, 17,16,8,1
38773.0, 13,12,9,1
16745.33, 16,12,9,1
16745.33, 17,12,9,1
16745.33, 16,13,9,1
0.0, 17,13,9,1
36020.0, 17,16,9,1
38773.0, 16,13,12,1
38773.0, 17,13,12,1
36020.0, 17,16,12,1
36020.0, 17,16,13,1
38412.0, 5,4,3,2
50272.67, 8,4,3,2
31967.0, 9,4,3,2
49073.67, 12,4,3,2
31967.0, 13,4,3,2
48633.67, 16,4,3,2
31967.0, 17,4,3,2
31639.0, 8,5,3,2
0.0, 9,5,3,2
30440.0, 12,5,3,2
0.0, 13,5,3,2
30000.0, 16,5,3,2
0.0, 17,5,3,2
39305.0, 9,8,3,2
48745.67, 12,8,3,2
31639.0, 13,8,3,2
48305.67, 16,8,3,2
31639.0, 17,8,3,2
30440.0, 12,9,3,2
0.0, 13,9,3,2
30000.0, 16,9,3,2
0.0, 17,9,3,2
38773.0, 13,12,3,2
47106.67, 16,12,3,2
30440.0, 17,12,3,2
30000.0, 16,13,3,2
0.0, 17,13,3,2
36020.0, 17,16,3,2
38412.0, 8,5,4,2
38412.0, 9,5,4,2
38412.0, 12,5,4,2
38412.0, 13,5,4,2
38412.0, 16,5,4,2
38412.0, 17,5,4,2
39305.0, 9,8,4,2
0.0, 12,8,4,2
14353.33, 13,8,4,2
0.0, 16,8,4,2
17106.33, 17,8,4,2
14353.33, 12,9,4,2
14353.33, 13,9,4,2
17106.33, 16,9,4,2
17106.33, 17,9,4,2
38773.0, 13,12,4,2
0.0, 16,12,4,2
17638.33, 17,12,4,2
17638.33, 16,13,4,2
17638.33, 17,13,4,2
36020.0, 17,16,4,2
39305.0, 9,8,5,2
14353.33, 12,8,5,2
14353.33, 13,8,5,2
17106.33, 16,8,5,2
17106.33, 17,8,5,2
14353.33, 12,9,5,2
0.0, 13,9,5,2
17106.33, 16,9,5,2
0.0, 17,9,5,2
38773.0, 13,12,5,2
17638.33, 16,12,5,2
17638.33, 17,12,5,2
17638.33, 16,13,5,2
0.0, 17,13,5,2
36020.0, 17,16,5,2
39305.0, 12,9,8,2
39305.0, 13,9,8,2
39305.0, 16,9,8,2
39305.0, 17,9,8,2
38773.0, 13,12,8,2
0.0, 16,12,8,2
16745.33, 17,12,8,2
16745.33, 16,13,8,2
16745.33, 17,13,8,2
36020.0, 17,16,8,2
38773.0, 13,12,9,2
16745.33, 16,12,9,2
16745.33, 17,12,9,2
16745.33, 16,13,9,2
0.0, 17,13,9,2
36020.0, 17,16,9,2
38773.0, 16,13,12,2
38773.0, 17,13,12,2
36020.0, 17,16,12,2
36020.0, 17,16,13,2
38412.0, 8,5,4,3
38412.0, 9,5,4,3
38412.0, 12,5,4,3
38412.0, 13,5,4,3
38412.0, 16,5,4,3
38412.0, 17,5,4,3
39305.0, 9,8,4,3
0.0, 12,8,4,3
14353.33, 13,8,4,3
0.0, 16,8,4,3
17106.33, 17,8,4,3
14353.33, 12,9,4,3
14353.33, 13,9,4,3
17106.33, 16,9,4,3
17106.33, 17,9,4,3
38773.0, 13,12,4,3
0.0, 16,12,4,3
17638.33, 17,12,4,3
17638.33, 16,13,4,3
17638.33, 17,13,4,3
36020.0, 17,16,4,3
39305.0, 9,8,5,3
14353.33, 12,8,5,3
14353.33, 13,8,5,3
17106.33, 16,8,5,3
17106.33, 17,8,5,3
14353.33, 12,9,5,3
0.0, 13,9,5,3
17106.33, 16,9,5,3
0.0, 17,9,5,3
38773.0, 13,12,5,3
17638.33, 16,12,5,3
17638.33, 17,12,5,3
17638.33, 16,13,5,3
0.0, 17,13,5,3
36020.0, 17,16,5,3
39305.0, 12,9,8,3
39305.0, 13,9,8,3
39305.0, 16,9,8,3
39305.0, 17,9,8,3
38773.0, 13,12,8,3
0.0, 16,12,8,3
16745.33, 17,12,8,3
16745.33, 16,13,8,3
16745.33, 17,13,8,3
36020.0, 17,16,8,3
38773.0, 13,12,9,3
16745.33, 16,12,9,3
16745.33, 17,12,9,3
16745.33, 16,13,9,3
0.0, 17,13,9,3
36020.0, 17,16,9,3
38773.0, 16,13,12,3
38773.0, 17,13,12,3
36020.0, 17,16,12,3
36020.0, 17,16,13,3
64383.67, 9,8,5,4
38412.0, 12,8,5,4
39432.0, 13,8,5,4
38412.0, 16,8,5,4
42185.0, 17,8,5,4
39432.0, 12,9,5,4
38412.0, 13,9,5,4
42185.0, 16,9,5,4
38412.0, 17,9,5,4
63851.67, 13,12,5,4
38412.0, 16,12,5,4
42717.0, 17,12,5,4
42717.0, 16,13,5,4
38412.0, 17,13,5,4
61098.67, 17,16,5,4
39305.0, 12,9,8,4
40325.0, 13,9,8,4
39305.0, 16,9,8,4
43078.0, 17,9,8,4
38773.0, 13,12,8,4
0.0, 16,12,8,4
30000.0, 17,12,8,4
30440.0, 16,13,8,4
53333.33, 17,13,8,4
36020.0, 17,16,8,4
39793.0, 13,12,9,4
31639.0, 16,12,9,4
53333.33, 17,12,9,4
53333.33, 16,13,9,4
31967.0, 17,13,9,4
39793.0, 17,16,9,4
38773.0, 16,13,12,4
43078.0, 17,13,12,4
36020.0, 17,16,12,4
40325.0, 17,16,13,4
40325.0, 12,9,8,5
39305.0, 13,9,8,5
43078.0, 16,9,8,5
39305.0, 17,9,8,5
39793.0, 13,12,8,5
31967.0, 16,12,8,5
53333.33, 17,12,8,5
53333.33, 16,13,8,5
31639.0, 17,13,8,5
39793.0, 17,16,8,5
38773.0, 13,12,9,5
53333.33, 16,12,9,5
30440.0, 17,12,9,5
30000.0, 16,13,9,5
0.0, 17,13,9,5
36020.0, 17,16,9,5
43078.0, 16,13,12,5
38773.0, 17,13,12,5
40325.0, 17,16,12,5
36020.0, 17,16,13,5
64744.67, 13,12,9,8
39305.0, 16,12,9,8
42717.0, 17,12,9,8
42717.0, 16,13,9,8
39305.0, 17,13,9,8
61991.67, 17,16,9,8
38773.0, 16,13,12,8
42185.0, 17,13,12,8
36020.0, 17,16,12,8
39432.0, 17,16,13,8
42185.0, 16,13,12,9
38773.0, 17,13,12,9
39432.0, 17,16,12,9
36020.0, 17,16,13,9
61459.67, 17,16,13,12
44046.0, 4,3,2,1,0
44046.0, 5,3,2,1,0
44046.0, 8,3,2,1,0
44046.0, 9,3,2,1,0
44046.0, 12,3,2,1,0
44046.0, 13,3,2,1,0
44046.0, 16,3,2,1,0
44046.0, 17,3,2,1,0
38412.0, 5,4,2,1,0
0.0, 8,4,2,1,0
31639.0, 9,4,2,1,0
0.0, 12,4,2,1,0
30440.0, 13,4,2,1,0
0.0, 16,4,2,1,0
30000.0, 17,4,2,1,0
31967.0, 8,5,2,1,0
50272.67, 9,5,2,1,0
31967.0, 12,5,2,1,0
49073.67, 13,5,2,1,0
31967.0, 16,5,2,1,0
48633.67, 17,5,2,1,0
39305.0, 9,8,2,1,0
0.0, 12,8,2,1,0
30440.0, 13,8,2,1,0
0.0, 16,8,2,1,0
30000.0, 17,8,2,1,0
31639.0, 12,9,2,1,0
48745.67, 13,9,2,1,0
31639.0, 16,9,2,1,0
48305.67, 17,9,2,1,0
38773.0, 13,12,2,1,0
0.0, 16,12,2,1,0
30000.0, 17,12,2,1,0
30440.0, 16,13,2,1,0
47106.67, 17,13,2,1,0
36020.0, 17,16,2,1,0
38412.0, 5,4,3,1,0
0.0, 8,4,3,1,0
31639.0, 9,4,3,1,0
0.0, 12,4,3,1,0
30440.0, 13,4,3,1,0
0.0, 16,4,3,1,0
30000.0, 17,4,3,1,0
31967.0, 8,5,3,1,0
50272.67, 9,5,3,1,0
31967.0, 12,5,3,1,0
49073.67, 13,5,3,1,0
31967.0, 16,5,3,1,0
48633.67, 17,5,3,1,0
39305.0, 9,8,3,1,0
0.0, 12,8,3,1,0
30440.0, 13,8,3,1,0
0.0, 16,8,3,1,0
30000.0, 17,8,3,1,0
31639.0, 12,9,3,1,0
48745.67, 13,9,3,1,0
31639.0, 16,9,3,1,0
48305.67, 17,9,3,1,0
38773.0, 13,12,3,1,0
0.0, 16,12,3,1,0
30000.0, 17,12,3,1,0
30440.0, 16,13,3,1,0
47106.67, 17,13,3,1,0
36020.0, 17,16,3,1,0
38412.0, 8,5,4,1,0
56717.67, 9,5,4,1,0
38412.0, 12,5,4,1,0
55518.67, 13,5,4,1,0
38412.0, 16,5,4,1,0
55078.67, 17,5,4,1,0
39305.0, 9,8,4,1,0
0.0, 12,8,4,1,0
30440.0, 13,8,4,1,0
0.0, 16,8,4,1,0
30000.0, 17,8,4,1,0
31639.0, 12,9,4,1,0
48745.67, 13,9,4,1,0
31639.0, 16,9,4,1,0
48305.67, 17,9,4,1,0
38773.0, 13,12,4,1,0
0.0, 16,12,4,1,0
30000.0, 17,12,4,1,0
30440.0, 16,13,4,1,0
47106.67, 17,13,4,1,0
36020.0, 17,16,4,1,0
57938.67, 9,8,5,1,0
31967.0, 12,8,5,1,0
49073.67, 13,8,5,1,0
31967.0, 16,8,5,1,0
48633.67, 17,8,5,1,0
50272.67, 12,9,5,1,0
44046.0, 13,9,5,1,0
50272.67, 16,9,5,1,0
44046.0, 17,9,5,1,0
57406.67, 13,12,5,1,0
31967.0, 16,12,5,1,0
48633.67, 17,12,5,1,0
49073.67, 16,13,5,1,0
44046.0, 17,13,5,1,0
54653.67, 17,16,5,1,0
39305.0, 12,9,8,1,0
56411.67, 13,9,8,1,0
39305.0, 16,9,8,1,0
55971.67, 17,9,8,1,0
38773.0, 13,12,8,1,0
0.0, 16,12,8,1,0
30000.0, 17,12,8,1,0
30440.0, 16,13,8,1,0
47106.67, 17,13,8,1,0
36020.0, 17,16,8,1,0
57078.67, 13,12,9,1,0
31639.0, 16,12,9,1,0
48305.67, 17,12,9,1,0
48745.67, 16,13,9,1,0
44046.0, 17,13,9,1,0
54325.67, 17,16,9,1,0
38773.0, 16,13,12,1,0
55439.67, 17,13,12,1,0
36020.0, 17,16,12,1,0
53126.67, 17,16,13,1,0
38412.0, 5,4,3,2,0
50272.67, 8,4,3,2,0
31967.0, 9,4,3,2,0
49073.67, 12,4,3,2,0
31967.0, 13,4,3,2,0
48633.67, 16,4,3,2,0
31967.0, 17,4,3,2,0
31639.0, 8,5,3,2,0
0.0, 9,5,3,2,0
30440.0, 12,5,3,2,0
0.0, 13,5,3,2,0
30000.0, 16,5,3,2,0
0.0, 17,5,3,2,0
39305.0, 9,8,3,2,0
48745.67, 12,8,3,2,0
31639.0, 13,8,3,2,0
48305.67, 16,8,3,2,0
31639.0, 17,8,3,2,0
30440.0, 12,9,3,2,0
0.0, 13,9,3,2,0
30000.0, 16,9,3,2,0
0.0, 17,9,3,2,0
38773.0, 13,12,3,2,0
47106.67, 16,12,3,2,0
30440.0, 17,12,3,2,0
30000.0, 16,13,3,2,0
0.0, 17,13,3,2,0
36020.0, 17,16,3,2,0
38412.0, 8,5,4,2,0
38412.0, 9,5,4,2,0
38412.0, 12,5,4,2,0
38412.0, 13,5,4,2,0
38412.0, 16,5,4,2,0
38412.0, 17,5,4,2,0
39305.0, 9,8,4,2,0
0.0, 12,8,4,2,0
14353.33, 13,8,4,2,0
0.0, 16,8,4,2,0
17106.33, 17,8,4,2,0
14353.33, 12,9,4,2,0
14353.33, 13,9,4,2,0
17106.33, 16,9,4,2,0
17106.33, 17,9,4,2,0
38773.0, 13,12,4,2,0
0.0, 16,12,4,2,0
17638.33, 17,12,4,2,0
17638.33, 16,13,4,2,0
17638.33, 17,13,4,2,0
36020.0, 17,16,4,2,0
39305.0, 9,8,5,2,0
14353.33, 12,8,5,2,0
14353.33, 13,8,5,2,0
17106.33, 16,8,5,2,0
17106.33, 17,8,5,2,0
14353.33, 12,9,5,2,0
0.0, 13,9,5,2,0
17106.33, 16,9,5,2,0
0.0, 17,9,5,2,0
38773.0, 13,12,5,2,0
17638.33, 16,12,5,2,0
17638.33, 17,12,5,2,0
17638.33, 16,13,5,2,0
0.0, 17,13,5,2,0
36020.0, 17,16,5,2,0
39305.0, 12,9,8,2,0
39305.0, 13,9,8,2,0
39305.0, 16,9,8,2,0
39305.0, 17,9,8,2,0
38773.0, 13,12,8,2,0
0.0, 16,12,8,2,0
16745.33, 17,12,8,2,0
16745.33, 16,13,8,2,0
16745.33, 17,13,8,2,0
36020.0, 17,16,8,2,0
38773.0, 13,12,9,2,0
16745.33, 16,12,9,2,0
16745.33, 17,12,9,2,0
16745.33, 16,13,9,2,0
0.0, 17,13,9,2,0
36020.0, 17,16,9,2,0
38773.0, 16,13,12,2,0
38773.0, 17,13,12,2,0
36020.0, 17,16,12,2,0
36020.0, 17,16,13,2,0
38412.0, 8,5,4,3,0
38412.0, 9,5,4,3,0
38412.0, 12,5,4,3,0
38412.0, 13,5,4,3,0
38412.0, 16,5,4,3,0
38412.0, 17,5,4,3,0
39305.0, 9,8,4,3,0
0.0, 12,8,4,3,0
14353.33, 13,8,4,3,0
0.0, 16,8,4,3,0
17106.33, 17,8,4,3,0
14353.33, 12,9,4,3,0
14353.33, 13,9,4,3,0
17106.33, 16,9,4,3,0
17106.33, 17,9,4,3,0
38773.0, 13,12,4,3,0
0.0, 16,12,4,3,0
17638.33, 17,12,4,3,0
17638.33, 16,13,4,3,0
17638.33, 17,13,4,3,0
36020.0, 17,16,4,3,0
39305.0, 9,8,5,3,0
14353.33, 12,8,5,3,0
14353.33, 13,8,5,3,0
17106.33, 16,8,5,3,0
17106.33, 17,8,5,3,0
14353.33, 12,9,5,3,0
0.0, 13,9,5,3,0
17106.33, 16,9,5,3,0
0.0, 17,9,5,3,0
38773.0, 13,12,5,3,0
17638.33, 16,12,5,3,0
17638.33, 17,12,5,3,0
17638.33, 16,13,5,3,0
0.0, 17,13,5,3,0
36020.0, 17,16,5,3,0
39305.0, 12,9,8,3,0
39305.0, 13,9,8,3,0
39305.0, 16,9,8,3,0
39305.0, 17,9,8,3,0
38773.0, 13,12,8,3,0
0.0, 16,12,8,3,0
16745.33, 17,12,8,3,0
16745.33, 16,13,8,3,0
16745.33, 17,13,8,3,0
36020.0, 17,16,8,3,0
38773.0, 13,12,9,3,0
16745.33, 16,12,9,3,0
16745.33, 17,12,9,3,0
16745.33, 16,13,9,3,0
0.0, 17,13,9,3,0
36020.0, 17,16,9,3,0
38773.0, 16,13,12,3,0
38773.0, 17,13,12,3,0
36020.0, 17,16,12,3,0
36020.0, 17,16,13,3,0
64383.67, 9,8,5,4,0
38412.0, 12,8,5,4,0
39432.0, 13,8,5,4,0
38412.0, 16,8,5,4,0
42185.0, 17,8,5,4,0
39432.0, 12,9,5,4,0
38412.0, 13,9,5,4,0
42185.0, 16,9,5,4,0
38412.0, 17,9,5,4,0
63851.67, 13,12,5,4,0
38412.0, 16,12,5,4,0
42717.0, 17,12,5,4,0
42717.0, 16,13,5,4,0
38412.0, 17,13,5,4,0
61098.67, 17,16,5,4,0
39305.0, 12,9,8,4,0
40325.0, 13,9,8,4,0
39305.0, 16,9,8,4,0
43078.0, 17,9,8,4,0
38773.0, 13,12,8,4,0
0.0, 16,12,8,4,0
30000.0, 17,12,8,4,0
30440.0, 16,13,8,4,0
53333.33, 17,13,8,4,0
36020.0, 17,16,8,4,0
39793.0, 13,12,9,4,0
31639.0, 16,12,9,4,0
53333.33, 17,12,9,4,0
53333.33, 16,13,9,4,0
31967.0, 17,13,9,4,0
39793.0, 17,16,9,4,0
38773.0, 16,13,12,4,0
43078.0, 17,13,12,4,0
36020.0, 17,16,12,4,0
40325.0, 17,16,13,4,0
40325.0, 12,9,8,5,0
39305.0, 13,9,8,5,0
43078.0, 16,9,8,5,0
39305.0, 17,9,8,5,0
39793.0, 13,12,8,5,0
31967.0, 16,12,8,5,0
53333.33, 17,12,8,5,0
53333.33, 16,13,8,5,0
31639.0, 17,13,8,5,0
39793.0, 17,16,8,5,0
38773.0, 13,12,9,5,0
53333.33, 16,12,9,5,0
30440.0, 17,12,9,5,0
30000.0, 16,13,9,5,0
0.0, 17,13,9,5,0
36020.0, 17,16,9,5,0
43078.0, 16,13,12,5,0
38773.0, 17,13,12,5,0
40325.0, 17,16,12,5,0
36020.0, 17,16,13,5,0
64744.67, 13,12,9,8,0
39305.0, 16,12,9,8,0
42717.0, 17,12,9,8,0
42717.0, 16,13,9,8,0
39305.0, 17,13,9,8,0
61991.67, 17,16,9,8,0
38773.0, 16,13,12,8,0
42185.0, 17,13,12,8,0
36020.0, 17,16,12,8,0
39432.0, 17,16,13,8,0
42185.0, 16,13,12,9,0
38773.0, 17,13,12,9,0
39432.0, 17,16,12,9,0
36020.0, 17,16,13,9,0
61459.67, 17,16,13,12,0
38412.0, 5,4,3,2,1
50272.67, 8,4,3,2,1
31967.0, 9,4,3,2,1
49073.67, 12,4,3,2,1
31967.0, 13,4,3,2,1
48633.67, 16,4,3,2,1
31967.0, 17,4,3,2,1
31639.0, 8,5,3,2,1
0.0, 9,5,3,2,1
30440.0, 12,5,3,2,1
0.0, 13,5,3,2,1
30000.0, 16,5,3,2,1
0.0, 17,5,3,2,1
39305.0, 9,8,3,2,1
48745.67, 12,8,3,2,1
31639.0, 13,8,3,2,1
48305.67, 16,8,3,2,1
31639.0, 17,8,3,2,1
30440.0, 12,9,3,2,1
0.0, 13,9,3,2,1
30000.0, 16,9,3,2,1
0.0, 17,9,3,2,1
38773.0, 13,12,3,2,1
47106.67, 16,12,3,2,1
30440.0, 17,12,3,2,1
30000.0, 16,13,3,2,1
0.0, 17,13,3,2,1
36020.0, 17,16,3,2,1
38412.0, 8,5,4,2,1
38412.0, 9,5,4,2,1
38412.0, 12,5,4,2,1
38412.0, 13,5,4,2,1
38412.0, 16,5,4,2,1
38412.0, 17,5,4,2,1
39305.0, 9,8,4,2,1
0.0, 12,8,4,2,1
14353.33, 13,8,4,2,1
0.0, 16,8,4,2,1
17106.33, 17,8,4,2,1
14353.33, 12,9,4,2,1
14353.33, 13,9,4,2,1
17106.33, 16,9,4,2,1
17106.33, 17,9,4,2,1
38773.0, 13,12,4,2,1
0.0, 16,12,4,2,1
17638.33, 17,12,4,2,1
17638.33, 16,13,4,2,1
17638.33, 17,13,4,2,1
36020.0, 17,16,4,2,1
39305.0, 9,8,5,2,1
14353.33, 12,8,5,2,1
14353.33, 13,8,5,2,1
17106.33, 16,8,5,2,1
17106.33, 17,8,5,2,1
14353.33, 12,9,5,2,1
0.0, 13,9,5,2,1
17106.33, 16,9,5,2,1
0.0, 17,9,5,2,1
38773.0, 13,12,5,2,1
17638.33, 16,12,5,2,1
17638.33, 17,12,5,2,1
17638.33, 16,13,5,2,1
0.0, 17,13,5,2,1
36020.0, 17,16,5,2,1
39305.0, 12,9,8,2,1
39305.0, 13,9,8,2,1
39305.0, 16,9,8,2,1
39305.0, 17,9,8,2,1
38773.0, 13,12,8,2,1
0.0, 16,12,8,2,1
16745.33, 17,12,8,2,1
16745.33, 16,13,8,2,1
16745.33, 17,13,8,2,1
36020.0, 17,16,8,2,1
38773.0, 13,12,9,2,1
16745.33, 16,12,9,2,1
16745.33, 17,12,9,2,1
16745.33, 16,13,9,2,1
0.0, 17,13,9,2,1
36020.0, 17,16,9,2,1
38773.0, 16,13,12,2,1
38773.0, 17,13,12,2,1
36020.0, 17,16,12,2,1
36020.0, 17,16,13,2,1
38412.0, 8,5,4,3,1
38412.0, 9,5,4,3,1
38412.0, 12,5,4,3,1
38412.0, 13,5,4,3,1
38412.0, 16,5,4,3,1
38412.0, 17,5,4,3,1
39305.0, 9,8,4,3,1
0.0, 12,8,4,3,1
14353.33, 13,8,4,3,1
0.0, 16,8,4,3,1
17106.33, 17,8,4,3,1
14353.33, 12,9,4,3,1
14353.33, 13,9,4,3,1
17106.33, 16,9,4,3,1
17106.33, 17,9,4,3,1
38773.0, 13,12,4,3,1
0.0, 16,12,4,3,1
17638.33, 17,12,4,3,1
17638.33, 16,13,4,3,1
17638.33, 17,13,4,3,1
36020.0, 17,16,4,3,1
39305.0, 9,8,5,3,1
14353.33, 12,8,5,3,1
14353.33, 13,8,5,3,1
17106.33, 16,8,5,3,1
17106.33, 17,8,5,3,1
14353.33, 12,9,5,3,1
0.0, 13,9,5,3,1
17106.33, 16,9,5,3,1
0.0, 17,9,5,3,1
38773.0, 13,12,5,3,1
17638.33, 16,12,5,3,1
17638.33, 17,12,5,3,1
17638.33, 16,13,5,3,1
0.0, 17,13,5,3,1
36020.0, 17,16,5,3,1
39305.0, 12,9,8,3,1
39305.0, 13,9,8,3,1
39305.0, 16,9,8,3,1
39305.0, 17,9,8,3,1
38773.0, 13,12,8,3,1
0.0, 16,12,8,3,1
16745.33, 17,12,8,3,1
16745.33, 16,13,8,3,1
16745.33, 17,13,8,3,1
36020.0, 17,16,8,3,1
38773.0, 13,12,9,3,1
16745.33, 16,12,9,3,1
16745.33, 17,12,9,3,1
16745.33, 16,13,9,3,1
0.0, 17,13,9,3,1
36020.0, 17,16,9,3,1
38773.0, 16,13,12,3,1
38773.0, 17,13,12,3,1
36020.0, 17,16,12,3,1
36020.0, 17,16,13,3,1
64383.67, 9,8,5,4,1
38412.0, 12,8,5,4,1
39432.0, 13,8,5,4,1
38412.0, 16,8,5,4,1
42185.0, 17,8,5,4,1
39432.0, 12,9,5,4,1
38412.0, 13,9,5,4,1
42185.0, 16,9,5,4,1
38412.0, 17,9,5,4,1
63851.67, 13,12,5,4,1
38412.0, 16,12,5,4,1
42717.0, 17,12,5,4,1
42717.0, 16,13,5,4,1
38412.0, 17,13,5,4,1
61098.67, 17,16,5,4,1
39305.0, 12,9,8,4,1
40325.0, 13,9,8,4,1
39305.0, 16,9,8,4,1
43078.0, 17,9,8,4,1
38773.0, 13,12,8,4,1
0.0, 16,12,8,4,1
30000.0, 17,12,8,4,1
30440.0, 16,13,8,4,1
53333.33, 17,13,8,4,1
36020.0, 17,16,8,4,1
39793.0, 13,12,9,4,1
31639.0, 16,12,9,4,1
53333.33, 17,12,9,4,1
53333.33, 16,13,9,4,1
31967.0, 17,13,9,4,1
39793.0, 17,16,9,4,1
38773.0, 16,13,12,4,1
43078.0, 17,13,12,4,1
36020.0, 17,16,12,4,1
40325.0, 17,16,13,4,1
40325.0, 12,9,8,5,1
39305.0, 13,9,8,5,1
43078.0, 16,9,8,5,1
39305.0, 17,9,8,5,1
39793.0, 13,12,8,5,1
31967.0, 16,12,8,5,1
53333.33, 17,12,8,5,1
53333.33, 16,13,8,5,1
31639.0, 17,13,8,5,1
39793.0, 17,16,8,5,1
38773.0, 13,12,9,5,1
53333.33, 16,12,9,5,1
30440.0, 17,12,9,5,1
30000.0, 16,13,9,5,1
0.0, 17,13,9,5,1
36020.0, 17,16,9,5,1
43078.0, 16,13,12,5,1
38773.0, 17,13,12,5,1
40325.0, 17,16,12,5,1
36020.0, 17,16,13,5,1
64744.67, 13,12,9,8,1
39305.0, 16,12,9,8,1
42717.0, 17,12,9,8,1
42717.0, 16,13,9,8,1
39305.0, 17,13,9,8,1
61991.67, 17,16,9,8,1
38773.0, 16,13,12,8,1
42185.0, 17,13,12,8,1
36020.0, 17,16,12,8,1
39432.0, 17,16,13,8,1
42185.0, 16,13,12,9,1
38773.0, 17,13,12,9,1
39432.0, 17,16,12,9,1
36020.0, 17,16,13,9,1
61459.67, 17,16,13,12,1
56717.67, 8,5,4,3,2
38412.0, 9,5,4,3,2
55518.67, 12,5,4,3,2
38412.0, 13,5,4,3,2
55078.67, 16,5,4,3,2
38412.0, 17,5,4,3,2
57938.67, 9,8,4,3,2
44046.0, 12,8,4,3,2
50272.67, 13,8,4,3,2
44046.0, 16,8,4,3,2
50272.67, 17,8,4,3,2
49073.67, 12,9,4,3,2
31967.0, 13,9,4,3,2
48633.67, 16,9,4,3,2
31967.0, 17,9,4,3,2
57406.67, 13,12,4,3,2
44046.0, 16,12,4,3,2
49073.67, 17,12,4,3,2
48633.67, 16,13,4,3,2
31967.0, 17,13,4,3,2
54653.67, 17,16,4,3,2
39305.0, 9,8,5,3,2
48745.67, 12,8,5,3,2
31639.0, 13,8,5,3,2
48305.67, 16,8,5,3,2
31639.0, 17,8,5,3,2
30440.0, 12,9,5,3,2
0.0, 13,9,5,3,2
30000.0, 16,9,5,3,2
0.0, 17,9,5,3,2
38773.0, 13,12,5,3,2
47106.67, 16,12,5,3,2
30440.0, 17,12,5,3,2
30000.0, 16,13,5,3,2
0.0, 17,13,5,3,2
36020.0, 17,16,5,3,2
56411.67, 12,9,8,3,2
39305.0, 13,9,8,3,2
55971.67, 16,9,8,3,2
39305.0, 17,9,8,3,2
57078.67, 13,12,8,3,2
44046.0, 16,12,8,3,2
48745.67, 17,12,8,3,2
48305.67, 16,13,8,3,2
31639.0, 17,13,8,3,2
54325.67, 17,16,8,3,2
38773.0, 13,12,9,3,2
47106.67, 16,12,9,3,2
30440.0, 17,12,9,3,2
30000.0, 16,13,9,3,2
0.0, 17,13,9,3,2
36020.0, 17,16,9,3,2
55439.67, 16,13,12,3,2
38773.0, 17,13,12,3,2
53126.67, 17,16,12,3,2
36020.0, 17,16,13,3,2
64383.67, 9,8,5,4,2
38412.0, 12,8,5,4,2
39432.0, 13,8,5,4,2
38412.0, 16,8,5,4,2
42185.0, 17,8,5,4,2
39432.0, 12,9,5,4,2
38412.0, 13,9,5,4,2
42185.0, 16,9,5,4,2
38412.0, 17,9,5,4,2
63851.67, 13,12,5,4,2
38412.0, 16,12,5,4,2
42717.0, 17,12,5,4,2
42717.0, 16,13,5,4,2
38412.0, 17,13,5,4,2
61098.67, 17,16,5,4,2
39305.0, 12,9,8,4,2
40325.0, 13,9,8,4,2
39305.0, 16,9,8,4,2
43078.0, 17,9,8,4,2
38773.0, 13,12,8,4,2
0.0, 16,12,8,4,2
30000.0, 17,12,8,4,2
30440.0, 16,13,8,4,2
53333.33, 17,13,8,4,2
36020.0, 17,16,8,4,2
39793.0, 13,12,9,4,2
31639.0, 16,12,9,4,2
53333.33, 17,12,9,4,2
53333.33, 16,13,9,4,2
31967.0, 17,13,9,4,2
39793.0, 17,16,9,4,2
38773.0, 16,13,12,4,2
43078.0, 17,13,12,4,2
36020.0, 17,16,12,4,2
40325.0, 17,16,13,4,2
40325.0, 12,9,8,5,2
39305.0, 13,9,8,5,2
43078.0, 16,9,8,5,2
39305.0, 17,9,8,5,2
39793.0, 13,12,8,5,2
31967.0, 16,12,8,5,2
53333.33, 17,12,8,5,2
53333.33, 16,13,8,5,2
31639.0, 17,13,8,5,2
39793.0, 17,16,8,5,2
38773.0, 13,12,9,5,2
53333.33, 16,12,9,5,2
30440.0, 17,12,9,5,2
30000.0, 16,13,9,5,2
0.0, 17,13,9,5,2
36020.0, 17,16,9,5,2
43078.0, 16,13,12,5,2
38773.0, 17,13,12,5,2
40325.0, 17,16,12,5,2
36020.0, 17,16,13,5,2
64744.67, 13,12,9,8,2
39305.0, 16,12,9,8,2
42717.0, 17,12,9,8,2
42717.0, 16,13,9,8,2
39305.0, 17,13,9,8,2
61991.67, 17,16,9,8,2
38773.0, 16,13,12,8,2
42185.0, 17,13,12,8,2
36020.0, 17,16,12,8,2
39432.0, 17,16,13,8,2
42185.0, 16,13,12,9,2
38773.0, 17,13,12,9,2
39432.0, 17,16,12,9,2
36020.0, 17,16,13,9,2
61459.67, 17,16,13,12,2
64383.67, 9,8,5,4,3
38412.0, 12,8,5,4,3
39432.0, 13,8,5,4,3
38412.0, 16,8,5,4,3
42185.0, 17,8,5,4,3
39432.0, 12,9,5,4,3
38412.0, 13,9,5,4,3
42185.0, 16,9,5,4,3
38412.0, 17,9,5,4,3
63851.67, 13,12,5,4,3
38412.0, 16,12,5,4,3
42717.0, 17,12,5,4,3
42717.0, 16,13,5,4,3
38412.0, 17,13,5,4,3
61098.67, 17,16,5,4,3
39305.0, 12,9,8,4,3
40325.0, 13,9,8,4,3
39305.0, 16,9,8,4,3
43078.0, 17,9,8,4,3
38773.0, 13,12,8,4,3
0.0, 16,12,8,4,3
30000.0, 17,12,8,4,3
30440.0, 16,13,8,4,3
53333.33, 17,13,8,4,3
36020.0, 17,16,8,4,3
39793.0, 13,12,9,4,3
31639.0, 16,12,9,4,3
53333.33, 17,12,9,4,3
53333.33, 16,13,9,4,3
31967.0, 17,13,9,4,3
39793.0, 17,16,9,4,3
38773.0, 16,13,12,4,3
43078.0, 17,13,12,4,3
36020.0, 17,16,12,4,3
40325.0, 17,16,13,4,3
40325.0, 12,9,8,5,3
39305.0, 13,9,8,5,3
43078.0, 16,9,8,5,3
39305.0, 17,9,8,5,3
39793.0, 13,12,8,5,3
31967.0, 16,12,8,5,3
53333.33, 17,12,8,5,3
53333.33, 16,13,8,5,3
31639.0, 17,13,8,5,3
39793.0, 17,16,8,5,3
38773.0, 13,12,9,5,3
53333.33, 16,12,9,5,3
30440.0, 17,12,9,5,3
30000.0, 16,13,9,5,3
0.0, 17,13,9,5,3
36020.0, 17,16,9,5,3
43078.0, 16,13,12,5,3
38773.0, 17,13,12,5,3
40325.0, 17,16,12,5,3
36020.0, 17,16,13,5,3
64744.67, 13,12,9,8,3
39305.0, 16,12,9,8,3
42717.0, 17,12,9,8,3
42717.0, 16,13,9,8,3
39305.0, 17,13,9,8,3
61991.67, 17,16,9,8,3
38773.0, 16,13,12,8,3
42185.0, 17,13,12,8,3
36020.0, 17,16,12,8,3
39432.0, 17,16,13,8,3
42185.0, 16,13,12,9,3
38773.0, 17,13,12,9,3
39432.0, 17,16,12,9,3
36020.0, 17,16,13,9,3
61459.67, 17,16,13,12,3
64383.67, 12,9,8,5,4
64383.67, 13,9,8,5,4
64383.67, 16,9,8,5,4
64383.67, 17,9,8,5,4
63851.67, 13,12,8,5,4
38412.0, 16,12,8,5,4
55078.67, 17,12,8,5,4
55518.67, 16,13,8,5,4
56717.67, 17,13,8,5,4
61098.67, 17,16,8,5,4
63851.67, 13,12,9,5,4
56717.67, 16,12,9,5,4
55518.67, 17,12,9,5,4
55078.67, 16,13,9,5,4
38412.0, 17,13,9,5,4
61098.67, 17,16,9,5,4
63851.67, 16,13,12,5,4
63851.67, 17,13,12,5,4
61098.67, 17,16,12,5,4
61098.67, 17,16,13,5,4
64744.67, 13,12,9,8,4
39305.0, 16,12,9,8,4
55971.67, 17,12,9,8,4
56411.67, 16,13,9,8,4
57938.67, 17,13,9,8,4
61991.67, 17,16,9,8,4
38773.0, 16,13,12,8,4
55439.67, 17,13,12,8,4
36020.0, 17,16,12,8,4
53126.67, 17,16,13,8,4
57078.67, 16,13,12,9,4
57406.67, 17,13,12,9,4
54325.67, 17,16,12,9,4
54653.67, 17,16,13,9,4
61459.67, 17,16,13,12,4
64744.67, 13,12,9,8,5
57938.67, 16,12,9,8,5
56411.67, 17,12,9,8,5
55971.67, 16,13,9,8,5
39305.0, 17,13,9,8,5
61991.67, 17,16,9,8,5
57406.67, 16,13,12,8,5
57078.67, 17,13,12,8,5
54653.67, 17,16,12,8,5
54325.67, 17,16,13,8,5
55439.67, 16,13,12,9,5
38773.0, 17,13,12,9,5
53126.67, 17,16,12,9,5
36020.0, 17,16,13,9,5
61459.67, 17,16,13,12,5
64744.67, 16,13,12,9,8
64744.67, 17,13,12,9,8
61991.67, 17,16,12,9,8
61991.67, 17,16,13,9,8
61459.67, 17,16,13,12,8
61459.67, 17,16,13,12,9
50491.0, 5,4,3,2,1,0
44046.0, 8,4,3,2,1,0
44046.0, 9,4,3,2,1,0
44046.0, 12,4,3,2,1,0
44046.0, 13,4,3,2,1,0
44046.0, 16,4,3,2,1,0
44046.0, 17,4,3,2,1,0
44046.0, 8,5,3,2,1,0
44046.0, 9,5,3,2,1,0
44046.0, 12,5,3,2,1,0
44046.0, 13,5,3,2,1,0
44046.0, 16,5,3,2,1,0
44046.0, 17,5,3,2,1,0
51712.0, 9,8,3,2,1,0
44046.0, 12,8,3,2,1,0
44046.0, 13,8,3,2,1,0
44046.0, 16,8,3,2,1,0
44046.0, 17,8,3,2,1,0
44046.0, 12,9,3,2,1,0
44046.0, 13,9,3,2,1,0
44046.0, 16,9,3,2,1,0
44046.0, 17,9,3,2,1,0
52379.0, 13,12,3,2,1,0
44046.0, 16,12,3,2,1,0
44046.0, 17,12,3,2,1,0
44046.0, 16,13,3,2,1,0
44046.0, 17,13,3,2,1,0
50066.0, 17,16,3,2,1,0
38412.0, 8,5,4,2,1,0
56717.67, 9,5,4,2,1,0
38412.0, 12,5,4,2,1,0
55518.67, 13,5,4,2,1,0
38412.0, 16,5,4,2,1,0
55078.67, 17,5,4,2,1,0
39305.0, 9,8,4,2,1,0
0.0, 12,8,4,2,1,0
30440.0, 13,8,4,2,1,0
0.0, 16,8,4,2,1,0
30000.0, 17,8,4,2,1,0
31639.0, 12,9,4,2,1,0
48745.67, 13,9,4,2,1,0
31639.0, 16,9,4,2,1,0
48305.67, 17,9,4,2,1,0
38773.0, 13,12,4,2,1,0
0.0, 16,12,4,2,1,0
30000.0, 17,12,4,2,1,0
30440.0, 16,13,4,2,1,0
47106.67, 17,13,4,2,1,0
36020.0, 17,16,4,2,1,0
57938.67, 9,8,5,2,1,0
31967.0, 12,8,5,2,1,0
49073.67, 13,8,5,2,1,0
31967.0, 16,8,5,2,1,0
48633.67, 17,8,5,2,1,0
50272.67, 12,9,5,2,1,0
44046.0, 13,9,5,2,1,0
50272.67, 16,9,5,2,1,0
44046.0, 17,9,5,2,1,0
57406.67, 13,12,5,2,1,0
31967.0, 16,12,5,2,1,0
48633.67, 17,12,5,2,1,0
49073.67, 16,13,5,2,1,0
44046.0, 17,13,5,2,1,0
54653.67, 17,16,5,2,1,0
39305.0, 12,9,8,2,1,0
56411.67, 13,9,8,2,1,0
39305.0, 16,9,8,2,1,0
55971.67, 17,9,8,2,1,0
38773.0, 13,12,8,2,1,0
0.0, 16,12,8,2,1,0
30000.0, 17,12,8,2,1,0
30440.0, 16,13,8,2,1,0
47106.67, 17,13,8,2,1,0
36020.0, 17,16,8,2,1,0
57078.67, 13,12,9,2,1,0
31639.0, 16,12,9,2,1,0
48305.67, 17,12,9,2,1,0
48745.67, 16,13,9,2,1,0
44046.0, 17,13,9,2,1,0
54325.67, 17,16,9,2,1,0
38773.0, 16,13,12,2,1,0
55439.67, 17,13,12,2,1,0
36020.0, 17,16,12,2,1,0
53126.67, 17,16,13,2,1,0
38412.0, 8,5,4,3,1,0
56717.67, 9,5,4,3,1,0
38412.0, 12,5,4,3,1,0
55518.67, 13,5,4,3,1,0
38412.0, 16,5,4,3,1,0
55078.67, 17,5,4,3,1,0
39305.0, 9,8,4,3,1,0
0.0, 12,8,4,3,1,0
30440.0, 13,8,4,3,1,0
0.0, 16,8,4,3,1,0
30000.0, 17,8,4,3,1,0
31639.0, 12,9,4,3,1,0
48745.67, 13,9,4,3,1,0
31639.0, 16,9,4,3,1,0
48305.67, 17,9,4,3,1,0
38773.0, 13,12,4,3,1,0
0.0, 16,12,4,3,1,0
30000.0, 17,12,4,3,1,0
30440.0, 16,13,4,3,1,0
47106.67, 17,13,4,3,1,0
36020.0, 17,16,4,3,1,0
57938.67, 9,8,5,3,1,0
31967.0, 12,8,5,3,1,0
49073.67, 13,8,5,3,1,0
31967.0, 16,8,5,3,1,0
48633.67, 17,8,5,3,1,0
50272.67, 12,9,5,3,1,0
44046.0, 13,9,5,3,1,0
50272.67, 16,9,5,3,1,0
44046.0, 17,9,5,3,1,0
57406.67, 13,12,5,3,1,0
31967.0, 16,12,5,3,1,0
48633.67, 17,12,5,3,1,0
49073.67, 16,13,5,3,1,0
44046.0, 17,13,5,3,1,0
54653.67, 17,16,5,3,1,0
39305.0, 12,9,8,3,1,0
56411.67, 13,9,8,3,1,0
39305.0, 16,9,8,3,1,0
55971.67, 17,9,8,3,1,0
38773.0, 13,12,8,3,1,0
0.0, 16,12,8,3,1,0
30000.0, 17,12,8,3,1,0
30440.0, 16,13,8,3,1,0
47106.67, 17,13,8,3,1,0
36020.0, 17,16,8,3,1,0
57078.67, 13,12,9,3,1,0
31639.0, 16,12,9,3,1,0
48305.67, 17,12,9,3,1,0
48745.67, 16,13,9,3,1,0
44046.0, 17,13,9,3,1,0
54325.67, 17,16,9,3,1,0
38773.0, 16,13,12,3,1,0
55439.67, 17,13,12,3,1,0
36020.0, 17,16,12,3,1,0
53126.67, 17,16,13,3,1,0
64383.67, 9,8,5,4,1,0
38412.0, 12,8,5,4,1,0
55518.67, 13,8,5,4,1,0
38412.0, 16,8,5,4,1,0
55078.67, 17,8,5,4,1,0
56717.67, 12,9,5,4,1,0
50491.0, 13,9,5,4,1,0
56717.67, 16,9,5,4,1,0
50491.0, 17,9,5,4,1,0
63851.67, 13,12,5,4,1,0
38412.0, 16,12,5,4,1,0
55078.67, 17,12,5,4,1,0
55518.67, 16,13,5,4,1,0
50491.0, 17,13,5,4,1,0
61098.67, 17,16,5,4,1,0
39305.0, 12,9,8,4,1,0
56411.67, 13,9,8,4,1,0
39305.0, 16,9,8,4,1,0
55971.67, 17,9,8,4,1,0
38773.0, 13,12,8,4,1,0
0.0, 16,12,8,4,1,0
30000.0, 17,12,8,4,1,0
30440.0, 16,13,8,4,1,0
47106.67, 17,13,8,4,1,0
36020.0, 17,16,8,4,1,0
57078.67, 13,12,9,4,1,0
31639.0, 16,12,9,4,1,0
48305.67, 17,12,9,4,1,0
48745.67, 16,13,9,4,1,0
44046.0, 17,13,9,4,1,0
54325.67, 17,16,9,4,1,0
38773.0, 16,13,12,4,1,0
55439.67, 17,13,12,4,1,0
36020.0, 17,16,12,4,1,0
53126.67, 17,16,13,4,1,0
57938.67, 12,9,8,5,1,0
51712.0, 13,9,8,5,1,0
57938.67, 16,9,8,5,1,0
51712.0, 17,9,8,5,1,0
57406.67, 13,12,8,5,1,0
31967.0, 16,12,8,5,1,0
48633.67, 17,12,8,5,1,0
49073.67, 16,13,8,5,1,0
44046.0, 17,13,8,5,1,0
54653.67, 17,16,8,5,1,0
52379.0, 13,12,9,5,1,0
50272.67, 16,12,9,5,1,0
44046.0, 17,12,9,5,1,0
44046.0, 16,13,9,5,1,0
44046.0, 17,13,9,5,1,0
50066.0, 17,16,9,5,1,0
57406.67, 16,13,12,5,1,0
52379.0, 17,13,12,5,1,0
54653.67, 17,16,12,5,1,0
50066.0, 17,16,13,5,1,0
64744.67, 13,12,9,8,1,0
39305.0, 16,12,9,8,1,0
55971.67, 17,12,9,8,1,0
56411.67, 16,13,9,8,1,0
51712.0, 17,13,9,8,1,0
61991.67, 17,16,9,8,1,0
38773.0, 16,13,12,8,1,0
55439.67, 17,13,12,8,1,0
36020.0, 17,16,12,8,1,0
53126.67, 17,16,13,8,1,0
57078.67, 16,13,12,9,1,0
52379.0, 17,13,12,9,1,0
54325.67, 17,16,12,9,1,0
50066.0, 17,16,13,9,1,0
61459.67, 17,16,13,12,1,0
56717.67, 8,5,4,3,2,0
38412.0, 9,5,4,3,2,0
55518.67, 12,5,4,3,2,0
38412.0, 13,5,4,3,2,0
55078.67, 16,5,4,3,2,0
38412.0, 17,5,4,3,2,0
57938.67, 9,8,4,3,2,0
44046.0, 12,8,4,3,2,0
50272.67, 13,8,4,3,2,0
44046.0, 16,8,4,3,2,0
50272.67, 17,8,4,3,2,0
49073.67, 12,9,4,3,2,0
31967.0, 13,9,4,3,2,0
48633.67, 16,9,4,3,2,0
31967.0, 17,9,4,3,2,0
57406.67, 13,12,4,3,2,0
44046.0, 16,12,4,3,2,0
49073.67, 17,12,4,3,2,0
48633.67, 16,13,4,3,2,0
31967.0, 17,13,4,3,2,0
54653.67, 17,16,4,3,2,0
39305.0, 9,8,5,3,2,0
48745.67, 12,8,5,3,2,0
31639.0, 13,8,5,3,2,0
48305.67, 16,8,5,3,2,0
31639.0, 17,8,5,3,2,0
30440.0, 12,9,5,3,2,0
0.0, 13,9,5,3,2,0
30000.0, 16,9,5,3,2,0
0.0, 17,9,5,3,2,0
38773.0, 13,12,5,3,2,0
47106.67, 16,12,5,3,2,0
30440.0, 17,12,5,3,2,0
30000.0, 16,13,5,3,2,0
0.0, 17,13,5,3,2,0
36020.0, 17,16,5,3,2,0
56411.67, 12,9,8,3,2,0
39305.0, 13,9,8,3,2,0
55971.67, 16,9,8,3,2,0
39305.0, 17,9,8,3,2,0
57078.67, 13,12,8,3,2,0
44046.0, 16,12,8,3,2,0
48745.67, 17,12,8,3,2,0
48305.67, 16,13,8,3,2,0
31639.0, 17,13,8,3,2,0
54325.67, 17,16,8,3,2,0
38773.0, 13,12,9,3,2,0
47106.67, 16,12,9,3,2,0
30440.0, 17,12,9,3,2,0
30000.0, 16,13,9,3,2,0
0.0, 17,13,9,3,2,0
36020.0, 17,16,9,3,2,0
55439.67, 16,13,12,3,2,0
38773.0, 17,13,12,3,2,0
53126.67, 17,16,12,3,2,0
36020.0, 17,16,13,3,2,0
64383.67, 9,8,5,4,2,0
38412.0, 12,8,5,4,2,0
39432.0, 13,8,5,4,2,0
38412.0, 16,8,5,4,2,0
42185.0, 17,8,5,4,2,0
39432.0, 12,9,5,4,2,0
38412.0, 13,9,5,4,2,0
42185.0, 16,9,5,4,2,0
38412.0, 17,9,5,4,2,0
63851.67, 13,12,5,4,2,0
38412.0, 16,12,5,4,2,0
42717.0, 17,12,5,4,2,0
42717.0, 16,13,5,4,2,0
38412.0, 17,13,5,4,2,0
61098.67, 17,16,5,4,2,0
39305.0, 12,9,8,4,2,0
40325.0, 13,9,8,4,2,0
39305.0, 16,9,8,4,2,0
43078.0, 17,9,8,4,2,0
38773.0, 13,12,8,4,2,0
0.0, 16,12,8,4,2,0
30000.0, 17,12,8,4,2,0
30440.0, 16,13,8,4,2,0
53333.33, 17,13,8,4,2,0
36020.0, 17,16,8,4,2,0
39793.0, 13,12,9,4,2,0
31639.0, 16,12,9,4,2,0
53333.33, 17,12,9,4,2,0
53333.33, 16,13,9,4,2,0
31967.0, 17,13,9,4,2,0
39793.0, 17,16,9,4,2,0
38773.0, 16,13,12,4,2,0
43078.0, 17,13,12,4,2,0
36020.0, 17,16,12,4,2,0
40325.0, 17,16,13,4,2,0
40325.0, 12,9,8,5,2,0
39305.0, 13,9,8,5,2,0
43078.0, 16,9,8,5,2,0
39305.0, 17,9,8,5,2,0
39793.0, 13,12,8,5,2,0
31967.0, 16,12,8,5,2,0
53333.33, 17,12,8,5,2,0
53333.33, 16,13,8,5,2,0
31639.0, 17,13,8,5,2,0
39793.0, 17,16,8,5,2,0
38773.0, 13,12,9,5,2,0
53333.33, 16,12,9,5,2,0
30440.0, 17,12,9,5,2,0
30000.0, 16,13,9,5,2,0
0.0, 17,13,9,5,2,0
36020.0, 17,16,9,5,2,0
43078.0, 16,13,12,5,2,0
38773.0, 17,13,12,5,2,0
40325.0, 17,16,12,5,2,0
36020.0, 17,16,13,5,2,0
64744.67, 13,12,9,8,2,0
39305.0, 16,12,9,8,2,0
42717.0, 17,12,9,8,2,0
42717.0, 16,13,9,8,2,0
39305.0, 17,13,9,8,2,0
61991.67, 17,16,9,8,2,0
38773.0, 16,13,12,8,2,0
42185.0, 17,13,12,8,2,0
36020.0, 17,16,12,8,2,0
39432.0, 17,16,13,8,2,0
42185.0, 16,13,12,9,2,0
38773.0, 17,13,12,9,2,0
39432.0, 17,16,12,9,2,0
36020.0, 17,16,13,9,2,0
61459.67, 17,16,13,12,2,0
64383.67, 9,8,5,4,3,0
38412.0, 12,8,5,4,3,0
39432.0, 13,8,5,4,3,0
38412.0, 16,8,5,4,3,0
42185.0, 17,8,5,4,3,0
39432.0, 12,9,5,4,3,0
38412.0, 13,9,5,4,3,0
42185.0, 16,9,5,4,3,0
38412.0, 17,9,5,4,3,0
63851.67, 13,12,5,4,3,0
38412.0, 16,12,5,4,3,0
42717.0, 17,12,5,4,3,0
42717.0, 16,13,5,4,3,0
38412.0, 17,13,5,4,3,0
61098.67, 17,16,5,4,3,0
39305.0, 12,9,8,4,3,0
40325.0, 13,9,8,4,3,0
39305.0, 16,9,8,4,3,0
43078.0, 17,9,8,4,3,0
38773.0, 13,12,8,4,3,0
0.0, 16,12,8,4,3,0
30000.0, 17,12,8,4,3,0
30440.0, 16,13,8,4,3,0
53333.33, 17,13,8,4,3,0
36020.0, 17,16,8,4,3,0
39793.0, 13,12,9,4,3,0
31639.0, 16,12,9,4,3,0
53333.33, 17,12,9,4,3,0
53333.33, 16,13,9,4,3,0
31967.0, 17,13,9,4,3,0
39793.0, 17,16,9,4,3,0
38773.0, 16,13,12,4,3,0
43078.0, 17,13,12,4,3,0
36020.0, 17,16,12,4,3,0
40325.0, 17,16,13,4,3,0
40325.0, 12,9,8,5,3,0
39305.0, 13,9,8,5,3,0
43078.0, 16,9,8,5,3,0
39305.0, 17,9,8,5,3,0
39793.0, 13,12,8,5,3,0
31967.0, 16,12,8,5,3,0
53333.33, 17,12,8,5,3,0
53333.33, 16,13,8,5,3,0
31639.0, 17,13,8,5,3,0
39793.0, 17,16,8,5,3,0
38773.0, 13,12,9,5,3,0
53333.33, 16,12,9,5,3,0
30440.0, 17,12,9,5,3,0
30000.0, 16,13,9,5,3,0
0.0, 17,13,9,5,3,0
36020.0, 17,16,9,5,3,0
43078.0, 16,13,12,5,3,0
38773.0, 17,13,12,5,3,0
40325.0, 17,16,12,5,3,0
36020.0, 17,16,13,5,3,0
64744.67, 13,12,9,8,3,0
39305.0, 16,12,9,8,3,0
42717.0, 17,12,9,8,3,0
42717.0, 16,13,9,8,3,0
39305.0, 17,13,9,8,3,0
61991.67, 17,16,9,8,3,0
38773.0, 16,13,12,8,3,0
42185.0, 17,13,12,8,3,0
36020.0, 17,16,12,8,3,0
39432.0, 17,16,13,8,3,0
42185.0, 16,13,12,9,3,0
38773.0, 17,13,12,9,3,0
39432.0, 17,16,12,9,3,0
36020.0, 17,16,13,9,3,0
61459.67, 17,16,13,12,3,0
64383.67, 12,9,8,5,4,0
64383.67, 13,9,8,5,4,0
64383.67, 16,9,8,5,4,0
64383.67, 17,9,8,5,4,0
63851.67, 13,12,8,5,4,0
38412.0, 16,12,8,5,4,0
55078.67, 17,12,8,5,4,0
55518.67, 16,13,8,5,4,0
56717.67, 17,13,8,5,4,0
61098.67, 17,16,8,5,4,0
63851.67, 13,12,9,5,4,0
56717.67, 16,12,9,5,4,0
55518.67, 17,12,9,5,4,0
55078.67, 16,13,9,5,4,0
38412.0, 17,13,9,5,4,0
61098.67, 17,16,9,5,4,0
63851.67, 16,13,12,5,4,0
63851.67, 17,13,12,5,4,0
61098.67, 17,16,12,5,4,0
61098.67, 17,16,13,5,4,0
64744.67, 13,12,9,8,4,0
39305.0, 16,12,9,8,4,0
55971.67, 17,12,9,8,4,0
56411.67, 16,13,9,8,4,0
57938.67, 17,13,9,8,4,0
61991.67, 17,16,9,8,4,0
38773.0, 16,13,12,8,4,0
55439.67, 17,13,12,8,4,0
36020.0, 17,16,12,8,4,0
53126.67, 17,16,13,8,4,0
57078.67, 16,13,12,9,4,0
57406.67, 17,13,12,9,4,0
54325.67, 17,16,12,9,4,0
54653.67, 17,16,13,9,4,0
61459.67, 17,16,13,12,4,0
64744.67, 13,12,9,8,5,0
57938.67, 16,12,9,8,5,0
56411.67, 17,12,9,8,5,0
55971.67, 16,13,9,8,5,0
39305.0, 17,13,9,8,5,0
61991.67, 17,16,9,8,5,0
57406.67, 16,13,12,8,5,0
57078.67, 17,13,12,8,5,0
54653.67, 17,16,12,8,5,0
54325.67, 17,16,13,8,5,0
55439.67, 16,13,12,9,5,0
38773.0, 17,13,12,9,5,0
53126.67, 17,16,12,9,5,0
36020.0, 17,16,13,9,5,0
61459.67, 17,16,13,12,5,0
64744.67, 16,13,12,9,8,0
64744.67, 17,13,12,9,8,0
61991.67, 17,16,12,9,8,0
61991.67, 17,16,13,9,8,0
61459.67, 17,16,13,12,8,0
61459.67, 17,16,13,12,9,0
56717.67, 8,5,4,3,2,1
38412.0, 9,5,4,3,2,1
55518.67, 12,5,4,3,2,1
38412.0, 13,5,4,3,2,1
55078.67, 16,5,4,3,2,1
38412.0, 17,5,4,3,2,1
57938.67, 9,8,4,3,2,1
44046.0, 12,8,4,3,2,1
50272.67, 13,8,4,3,2,1
44046.0, 16,8,4,3,2,1
50272.67, 17,8,4,3,2,1
49073.67, 12,9,4,3,2,1
31967.0, 13,9,4,3,2,1
48633.67, 16,9,4,3,2,1
31967.0, 17,9,4,3,2,1
57406.67, 13,12,4,3,2,1
44046.0, 16,12,4,3,2,1
49073.67, 17,12,4,3,2,1
48633.67, 16,13,4,3,2,1
31967.0, 17,13,4,3,2,1
54653.67, 17,16,4,3,2,1
39305.0, 9,8,5,3,2,1
48745.67, 12,8,5,3,2,1
31639.0, 13,8,5,3,2,1
48305.67, 16,8,5,3,2,1
31639.0, 17,8,5,3,2,1
30440.0, 12,9,5,3,2,1
0.0, 13,9,5,3,2,1
30000.0, 16,9,5,3,2,1
0.0, 17,9,5,3,2,1
38773.0, 13,12,5,3,2,1
47106.67, 16,12,5,3,2,1
30440.0, 17,12,5,3,2,1
30000.0, 16,13,5,3,2,1
0.0, 17,13,5,3,2,1
36020.0, 17,16,5,3,2,1
56411.67, 12,9,8,3,2,1
39305.0, 13,9,8,3,2,1
55971.67, 16,9,8,3,2,1
39305.0, 17,9,8,3,2,1
57078.67, 13,12,8,3,2,1
44046.0, 16,12,8,3,2,1
48745.67, 17,12,8,3,2,1
48305.67, 16,13,8,3,2,1
31639.0, 17,13,8,3,2,1
54325.67, 17,16,8,3,2,1
38773.0, 13,12,9,3,2,1
47106.67, 16,12,9,3,2,1
30440.0, 17,12,9,3,2,1
30000.0, 16,13,9,3,2,1
0.0, 17,13,9,3,2,1
36020.0, 17,16,9,3,2,1
55439.67, 16,13,12,3,2,1
38773.0, 17,13,12,3,2,1
53126.67, 17,16,12,3,2,1
36020.0, 17,16,13,3,2,1
64383.67, 9,8,5,4,2,1
38412.0, 12,8,5,4,2,1
39432.0, 13,8,5,4,2,1
38412.0, 16,8,5,4,2,1
42185.0, 17,8,5,4,2,1
39432.0, 12,9,5,4,2,1
38412.0, 13,9,5,4,2,1
42185.0, 16,9,5,4,2,1
38412.0, 17,9,5,4,2,1
63851.67, 13,12,5,4,2,1
38412.0, 16,12,5,4,2,1
42717.0, 17,12,5,4,2,1
42717.0, 16,13,5,4,2,1
38412.0, 17,13,5,4,2,1
61098.67, 17,16,5,4,2,1
39305.0, 12,9,8,4,2,1
40325.0, 13,9,8,4,2,1
39305.0, 16,9,8,4,2,1
43078.0, 17,9,8,4,2,1
38773.0, 13,12,8,4,2,1
0.0, 16,12,8,4,2,1
30000.0, 17,12,8,4,2,1
30440.0, 16,13,8,4,2,1
53333.33, 17,13,8,4,2,1
36020.0, 17,16,8,4,2,1
39793.0, 13,12,9,4,2,1
31639.0, 16,12,9,4,2,1
53333.33, 17,12,9,4,2,1
53333.33, 16,13,9,4,2,1
31967.0, 17,13,9,4,2,1
39793.0, 17,16,9,4,2,1
38773.0, 16,13,12,4,2,1
43078.0, 17,13,12,4,2,1
36020.0, 17,16,12,4,2,1
40325.0, 17,16,13,4,2,1
40325.0, 12,9,8,5,2,1
39305.0, 13,9,8,5,2,1
43078.0, 16,9,8,5,2,1
39305.0, 17,9,8,5,2,1
39793.0, 13,12,8,5,2,1
31967.0, 16,12,8,5,2,1
53333.33, 17,12,8,5,2,1
53333.33, 16,13,8,5,2,1
31639.0, 17,13,8,5,2,1
39793.0, 17,16,8,5,2,1
38773.0, 13,12,9,5,2,1
53333.33, 16,12,9,5,2,1
30440.0, 17,12,9,5,2,1
30000.0, 16,13,9,5,2,1
0.0, 17,13,9,5,2,1
36020.0, 17,16,9,5,2,1
43078.0, 16,13,12,5,2,1
38773.0, 17,13,12,5,2,1
40325.0, 17,16,12,5,2,1
36020.0, 17,16,13,5,2,1
64744.67, 13,12,9,8,2,1
39305.0, 16,12,9,8,2,1
42717.0, 17,12,9,8,2,1
42717.0, 16,13,9,8,2,1
39305.0, 17,13,9,8,2,1
61991.67, 17,16,9,8,2,1
38773.0, 16,13,12,8,2,1
42185.0, 17,13,12,8,2,1
36020.0, 17,16,12,8,2,1
39432.0, 17,16,13,8,2,1
42185.0, 16,13,12,9,2,1
38773.0, 17,13,12,9,2,1
39432.0, 17,16,12,9,2,1
36020.0, 17,16,13,9,2,1
61459.67, 17,16,13,12,2,1
64383.67, 9,8,5,4,3,1
38412.0, 12,8,5,4,3,1
39432.0, 13,8,5,4,3,1
38412.0, 16,8,5,4,3,1
42185.0, 17,8,5,4,3,1
39432.0, 12,9,5,4,3,1
38412.0, 13,9,5,4,3,1
42185.0, 16,9,5,4,3,1
38412.0, 17,9,5,4,3,1
63851.67, 13,12,5,4,3,1
38412.0, 16,12,5,4,3,1
42717.0, 17,12,5,4,3,1
42717.0, 16,13,5,4,3,1
38412.0, 17,13,5,4,3,1
61098.67, 17,16,5,4,3,1
39305.0, 12,9,8,4,3,1
40325.0, 13,9,8,4,3,1
39305.0, 16,9,8,4,3,1
43078.0, 17,9,8,4,3,1
38773.0, 13,12,8,4,3,1
0.0, 16,12,8,4,3,1
30000.0, 17,12,8,4,3,1
30440.0, 16,13,8,4,3,1
53333.33, 17,13,8,4,3,1
36020.0, 17,16,8,4,3,1
39793.0, 13,12,9,4,3,1
31639.0, 16,12,9,4,3,1
53333.33, 17,12,9,4,3,1
53333.33, 16,13,9,4,3,1
31967.0, 17,13,9,4,3,1
39793.0, 17,16,9,4,3,1
38773.0, 16,13,12,4,3,1
43078.0, 17,13,12,4,3,1
36020.0, 17,16,12,4,3,1
40325.0, 17,16,13,4,3,1
40325.0, 12,9,8,5,3,1
39305.0, 13,9,8,5,3,1
43078.0, 16,9,8,5,3,1
39305.0, 17,9,8,5,3,1
39793.0, 13,12,8,5,3,1
31967.0, 16,12,8,5,3,1
53333.33, 17,12,8,5,3,1
53333.33, 16,13,8,5,3,1
31639.0, 17,13,8,5,3,1
39793.0, 17,16,8,5,3,1
38773.0, 13,12,9,5,3,1
53333.33, 16,12,9,5,3,1
30440.0, 17,12,9,5,3,1
30000.0, 16,13,9,5,3,1
0.0, 17,13,9,5,3,1
36020.0, 17,16,9,5,3,1
43078.0, 16,13,12,5,3,1
38773.0, 17,13,12,5,3,1
40325.0, 17,16,12,5,3,1
36020.0, 17,16,13,5,3,1
64744.67, 13,12,9,8,3,1
39305.0, 16,12,9,8,3,1
42717.0, 17,12,9,8,3,1
42717.0, 16,13,9,8,3,1
39305.0, 17,13,9,8,3,1
61991.67, 17,16,9,8,3,1
38773.0, 16,13,12,8,3,1
42185.0, 17,13,12,8,3,1
36020.0, 17,16,12,8,3,1
39432.0, 17,16,13,8,3,1
42185.0, 16,13,12,9,3,1
38773.0, 17,13,12,9,3,1
39432.0, 17,16,12,9,3,1
36020.0, 17,16,13,9,3,1
61459.67, 17,16,13,12,3,1
64383.67, 12,9,8,5,4,1
64383.67, 13,9,8,5,4,1
64383.67, 16,9,8,5,4,1
64383.67, 17,9,8,5,4,1
63851.67, 13,12,8,5,4,1
38412.0, 16,12,8,5,4,1
55078.67, 17,12,8,5,4,1
55518.67, 16,13,8,5,4,1
56717.67, 17,13,8,5,4,1
61098.67, 17,16,8,5,4,1
63851.67, 13,12,9,5,4,1
56717.67, 16,12,9,5,4,1
55518.67, 17,12,9,5,4,1
55078.67, 16,13,9,5,4,1
38412.0, 17,13,9,5,4,1
61098.67, 17,16,9,5,4,1
63851.67, 16,13,12,5,4,1
63851.67, 17,13,12,5,4,1
61098.67, 17,16,12,5,4,1
61098.67, 17,16,13,5,4,1
64744.67, 13,12,9,8,4,1
39305.0, 16,12,9,8,4,1
55971.67, 17,12,9,8,4,1
56411.67, 16,13,9,8,4,1
57938.67, 17,13,9,8,4,1
61991.67, 17,16,9,8,4,1
38773.0, 16,13,12,8,4,1
55439.67, 17,13,12,8,4,1
36020.0, 17,16,12,8,4,1
53126.67, 17,16,13,8,4,1
57078.67, 16,13,12,9,4,1
57406.67, 17,13,12,9,4,1
54325.67, 17,16,12,9,4,1
54653.67, 17,16,13,9,4,1
61459.67, 17,16,13,12,4,1
64744.67, 13,12,9,8,5,1
57938.67, 16,12,9,8,5,1
56411.67, 17,12,9,8,5,1
55971.67, 16,13,9,8,5,1
39305.0, 17,13,9,8,5,1
61991.67, 17,16,9,8,5,1
57406.67, 16,13,12,8,5,1
57078.67, 17,13,12,8,5,1
54653.67, 17,16,12,8,5,1
54325.67, 17,16,13,8,5,1
55439.67, 16,13,12,9,5,1
38773.0, 17,13,12,9,5,1
53126.67, 17,16,12,9,5,1
36020.0, 17,16,13,9,5,1
61459.67, 17,16,13,12,5,1
64744.67, 16,13,12,9,8,1
64744.67, 17,13,12,9,8,1
61991.67, 17,16,12,9,8,1
61991.67, 17,16,13,9,8,1
61459.67, 17,16,13,12,8,1
61459.67, 17,16,13,12,9,1
64383.67, 9,8,5,4,3,2
50491.0, 12,8,5,4,3,2
56717.67, 13,8,5,4,3,2
50491.0, 16,8,5,4,3,2
56717.67, 17,8,5,4,3,2
55518.67, 12,9,5,4,3,2
38412.0, 13,9,5,4,3,2
55078.67, 16,9,5,4,3,2
38412.0, 17,9,5,4,3,2
63851.67, 13,12,5,4,3,2
50491.0, 16,12,5,4,3,2
55518.67, 17,12,5,4,3,2
55078.67, 16,13,5,4,3,2
38412.0, 17,13,5,4,3,2
61098.67, 17,16,5,4,3,2
51712.0, 12,9,8,4,3,2
57938.67, 13,9,8,4,3,2
51712.0, 16,9,8,4,3,2
57938.67, 17,9,8,4,3,2
52379.0, 13,12,8,4,3,2
44046.0, 16,12,8,4,3,2
44046.0, 17,12,8,4,3,2
44046.0, 16,13,8,4,3,2
50272.67, 17,13,8,4,3,2
50066.0, 17,16,8,4,3,2
57406.67, 13,12,9,4,3,2
44046.0, 16,12,9,4,3,2
49073.67, 17,12,9,4,3,2
48633.67, 16,13,9,4,3,2
31967.0, 17,13,9,4,3,2
54653.67, 17,16,9,4,3,2
52379.0, 16,13,12,4,3,2
57406.67, 17,13,12,4,3,2
50066.0, 17,16,12,4,3,2
54653.67, 17,16,13,4,3,2
56411.67, 12,9,8,5,3,2
39305.0, 13,9,8,5,3,2
55971.67, 16,9,8,5,3,2
39305.0, 17,9,8,5,3,2
57078.67, 13,12,8,5,3,2
44046.0, 16,12,8,5,3,2
48745.67, 17,12,8,5,3,2
48305.67, 16,13,8,5,3,2
31639.0, 17,13,8,5,3,2
54325.67, 17,16,8,5,3,2
38773.0, 13,12,9,5,3,2
47106.67, 16,12,9,5,3,2
30440.0, 17,12,9,5,3,2
30000.0, 16,13,9,5,3,2
0.0, 17,13,9,5,3,2
36020.0, 17,16,9,5,3,2
55439.67, 16,13,12,5,3,2
38773.0, 17,13,12,5,3,2
53126.67, 17,16,12,5,3,2
36020.0, 17,16,13,5,3,2
64744.67, 13,12,9,8,3,2
51712.0, 16,12,9,8,3,2
56411.67, 17,12,9,8,3,2
55971.67, 16,13,9,8,3,2
39305.0, 17,13,9,8,3,2
61991.67, 17,16,9,8,3,2
52379.0, 16,13,12,8,3,2
57078.67, 17,13,12,8,3,2
50066.0, 17,16,12,8,3,2
54325.67, 17,16,13,8,3,2
55439.67, 16,13,12,9,3,2
38773.0, 17,13,12,9,3,2
53126.67, 17,16,12,9,3,2
36020.0, 17,16,13,9,3,2
61459.67, 17,16,13,12,3,2
64383.67, 12,9,8,5,4,2
64383.67, 13,9,8,5,4,2
64383.67, 16,9,8,5,4,2
64383.67, 17,9,8,5,4,2
63851.67, 13,12,8,5,4,2
38412.0, 16,12,8,5,4,2
55078.67, 17,12,8,5,4,2
55518.67, 16,13,8,5,4,2
56717.67, 17,13,8,5,4,2
61098.67, 17,16,8,5,4,2
63851.67, 13,12,9,5,4,2
56717.67, 16,12,9,5,4,2
55518.67, 17,12,9,5,4,2
55078.67, 16,13,9,5,4,2
38412.0, 17,13,9,5,4,2
61098.67, 17,16,9,5,4,2
63851.67, 16,13,12,5,4,2
63851.67, 17,13,12,5,4,2
61098.67, 17,16,12,5,4,2
61098.67, 17,16,13,5,4,2
64744.67, 13,12,9,8,4,2
39305.0, 16,12,9,8,4,2
55971.67, 17,12,9,8,4,2
56411.67, 16,13,9,8,4,2
57938.67, 17,13,9,8,4,2
61991.67, 17,16,9,8,4,2
38773.0, 16,13,12,8,4,2
55439.67, 17,13,12,8,4,2
36020.0, 17,16,12,8,4,2
53126.67, 17,16,13,8,4,2
57078.67, 16,13,12,9,4,2
57406.67, 17,13,12,9,4,2
54325.67, 17,16,12,9,4,2
54653.67, 17,16,13,9,4,2
61459.67, 17,16,13,12,4,2
64744.67, 13,12,9,8,5,2
57938.67, 16,12,9,8,5,2
56411.67, 17,12,9,8,5,2
55971.67, 16,13,9,8,5,2
39305.0, 17,13,9,8,5,2
61991.67, 17,16,9,8,5,2
57406.67, 16,13,12,8,5,2
57078.67, 17,13,12,8,5,2
54653.67, 17,16,12,8,5,2
54325.67, 17,16,13,8,5,2
55439.67, 16,13,12,9,5,2
38773.0, 17,13,12,9,5,2
53126.67, 17,16,12,9,5,2
36020.0, 17,16,13,9,5,2
61459.67, 17,16,13,12,5,2
64744.67, 16,13,12,9,8,2
64744.67, 17,13,12,9,8,2
61991.67, 17,16,12,9,8,2
61991.67, 17,16,13,9,8,2
61459.67, 17,16,13,12,8,2
61459.67, 17,16,13,12,9,2
64383.67, 12,9,8,5,4,3
64383.67, 13,9,8,5,4,3
64383.67, 16,9,8,5,4,3
64383.67, 17,9,8,5,4,3
63851.67, 13,12,8,5,4,3
38412.0, 16,12,8,5,4,3
55078.67, 17,12,8,5,4,3
55518.67, 16,13,8,5,4,3
56717.67, 17,13,8,5,4,3
61098.67, 17,16,8,5,4,3
63851.67, 13,12,9,5,4,3
56717.67, 16,12,9,5,4,3
55518.67, 17,12,9,5,4,3
55078.67, 16,13,9,5,4,3
38412.0, 17,13,9,5,4,3
61098.67, 17,16,9,5,4,3
63851.67, 16,13,12,5,4,3
63851.67, 17,13,12,5,4,3
61098.67, 17,16,12,5,4,3
61098.67, 17,16,13,5,4,3
64744.67, 13,12,9,8,4,3
39305.0, 16,12,9,8,4,3
55971.67, 17,12,9,8,4,3
56411.67, 16,13,9,8,4,3
57938.67, 17,13,9,8,4,3
61991.67, 17,16,9,8,4,3
38773.0, 16,13,12,8,4,3
55439.67, 17,13,12,8,4,3
36020.0, 17,16,12,8,4,3
53126.67, 17,16,13,8,4,3
57078.67, 16,13,12,9,4,3
57406.67, 17,13,12,9,4,3
54325.67, 17,16,12,9,4,3
54653.67, 17,16,13,9,4,3
61459.67, 17,16,13,12,4,3
64744.67, 13,12,9,8,5,3
57938.67, 16,12,9,8,5,3
56411.67, 17,12,9,8,5,3
55971.67, 16,13,9,8,5,3
39305.0, 17,13,9,8,5,3
61991.67, 17,16,9,8,5,3
57406.67, 16,13,12,8,5,3
57078.67, 17,13,12,8,5,3
54653.67, 17,16,12,8,5,3
54325.67, 17,16,13,8,5,3
55439.67, 16,13,12,9,5,3
38773.0, 17,13,12,9,5,3
53126.67, 17,16,12,9,5,3
36020.0, 17,16,13,9,5,3
61459.67, 17,16,13,12,5,3
64744.67, 16,13,12,9,8,3
64744.67, 17,13,12,9,8,3
61991.67, 17,16,12,9,8,3
61991.67, 17,16,13,9,8,3
61459.67, 17,16,13,12,8,3
61459.67, 17,16,13,12,9,3
66490.0, 13,12,9,8,5,4
64383.67, 16,12,9,8,5,4
58157.0, 17,12,9,8,5,4
58157.0, 16,13,9,8,5,4
64383.67, 17,13,9,8,5,4
64177.0, 17,16,9,8,5,4
63851.67, 16,13,12,8,5,4
58824.0, 17,13,12,8,5,4
61098.67, 17,16,12,8,5,4
56511.0, 17,16,13,8,5,4
58824.0, 16,13,12,9,5,4
63851.67, 17,13,12,9,5,4
56511.0, 17,16,12,9,5,4
61098.67, 17,16,13,9,5,4
64844.0, 17,16,13,12,5,4
64744.67, 16,13,12,9,8,4
60045.0, 17,13,12,9,8,4
61991.67, 17,16,12,9,8,4
57732.0, 17,16,13,9,8,4
61459.67, 17,16,13,12,8,4
58399.0, 17,16,13,12,9,4
60045.0, 16,13,12,9,8,5
64744.67, 17,13,12,9,8,5
57732.0, 17,16,12,9,8,5
61991.67, 17,16,13,9,8,5
58399.0, 17,16,13,12,8,5
61459.67, 17,16,13,12,9,5
66065.0, 17,16,13,12,9,8
50491.0, 8,5,4,3,2,1,0
50491.0, 9,5,4,3,2,1,0
50491.0, 12,5,4,3,2,1,0
50491.0, 13,5,4,3,2,1,0
50491.0, 16,5,4,3,2,1,0
50491.0, 17,5,4,3,2,1,0
51712.0, 9,8,4,3,2,1,0
44046.0, 12,8,4,3,2,1,0
44046.0, 13,8,4,3,2,1,0
44046.0, 16,8,4,3,2,1,0
44046.0, 17,8,4,3,2,1,0
44046.0, 12,9,4,3,2,1,0
44046.0, 13,9,4,3,2,1,0
44046.0, 16,9,4,3,2,1,0
44046.0, 17,9,4,3,2,1,0
52379.0, 13,12,4,3,2,1,0
44046.0, 16,12,4,3,2,1,0
44046.0, 17,12,4,3,2,1,0
44046.0, 16,13,4,3,2,1,0
44046.0, 17,13,4,3,2,1,0
50066.0, 17,16,4,3,2,1,0
51712.0, 9,8,5,3,2,1,0
44046.0, 12,8,5,3,2,1,0
44046.0, 13,8,5,3,2,1,0
44046.0, 16,8,5,3,2,1,0
44046.0, 17,8,5,3,2,1,0
44046.0, 12,9,5,3,2,1,0
44046.0, 13,9,5,3,2,1,0
44046.0, 16,9,5,3,2,1,0
44046.0, 17,9,5,3,2,1,0
52379.0, 13,12,5,3,2,1,0
44046.0, 16,12,5,3,2,1,0
44046.0, 17,12,5,3,2,1,0
44046.0, 16,13,5,3,2,1,0
44046.0, 17,13,5,3,2,1,0
50066.0, 17,16,5,3,2,1,0
51712.0, 12,9,8,3,2,1,0
51712.0, 13,9,8,3,2,1,0
51712.0, 16,9,8,3,2,1,0
51712.0, 17,9,8,3,2,1,0
52379.0, 13,12,8,3,2,1,0
44046.0, 16,12,8,3,2,1,0
44046.0, 17,12,8,3,2,1,0
44046.0, 16,13,8,3,2,1,0
44046.0, 17,13,8,3,2,1,0
50066.0, 17,16,8,3,2,1,0
52379.0, 13,12,9,3,2,1,0
44046.0, 16,12,9,3,2,1,0
44046.0, 17,12,9,3,2,1,0
44046.0, 16,13,9,3,2,1,0
44046.0, 17,13,9,3,2,1,0
50066.0, 17,16,9,3,2,1,0
52379.0, 16,13,12,3,2,1,0
52379.0, 17,13,12,3,2,1,0
50066.0, 17,16,12,3,2,1,0
50066.0, 17,16,13,3,2,1,0
64383.67, 9,8,5,4,2,1,0
38412.0, 12,8,5,4,2,1,0
55518.67, 13,8,5,4,2,1,0
38412.0, 16,8,5,4,2,1,0
55078.67, 17,8,5,4,2,1,0
56717.67, 12,9,5,4,2,1,0
50491.0, 13,9,5,4,2,1,0
56717.67, 16,9,5,4,2,1,0
50491.0, 17,9,5,4,2,1,0
63851.67, 13,12,5,4,2,1,0
38412.0, 16,12,5,4,2,1,0
55078.67, 17,12,5,4,2,1,0
55518.67, 16,13,5,4,2,1,0
50491.0, 17,13,5,4,2,1,0
61098.67, 17,16,5,4,2,1,0
39305.0, 12,9,8,4,2,1,0
56411.67, 13,9,8,4,2,1,0
39305.0, 16,9,8,4,2,1,0
55971.67, 17,9,8,4,2,1,0
38773.0, 13,12,8,4,2,1,0
0.0, 16,12,8,4,2,1,0
30000.0, 17,12,8,4,2,1,0
30440.0, 16,13,8,4,2,1,0
47106.67, 17,13,8,4,2,1,0
36020.0, 17,16,8,4,2,1,0
57078.67, 13,12,9,4,2,1,0
31639.0, 16,12,9,4,2,1,0
48305.67, 17,12,9,4,2,1,0
48745.67, 16,13,9,4,2,1,0
44046.0, 17,13,9,4,2,1,0
54325.67, 17,16,9,4,2,1,0
38773.0, 16,13,12,4,2,1,0
55439.67, 17,13,12,4,2,1,0
36020.0, 17,16,12,4,2,1,0
53126.67, 17,16,13,4,2,1,0
57938.67, 12,9,8,5,2,1,0
51712.0, 13,9,8,5,2,1,0
57938.67, 16,9,8,5,2,1,0
51712.0, 17,9,8,5,2,1,0
57406.67, 13,12,8,5,2,1,0
31967.0, 16,12,8,5,2,1,0
48633.67, 17,12,8,5,2,1,0
49073.67, 16,13,8,5,2,1,0
44046.0, 17,13,8,5,2,1,0
54653.67, 17,16,8,5,2,1,0
52379.0, 13,12,9,5,2,1,0
50272.67, 16,12,9,5,2,1,0
44046.0, 17,12,9,5,2,1,0
44046.0, 16,13,9,5,2,1,0
44046.0, 17,13,9,5,2,1,0
50066.0, 17,16,9,5,2,1,0
57406.67, 16,13,12,5,2,1,0
52379.0, 17,13,12,5,2,1,0
54653.67, 17,16,12,5,2,1,0
50066.0, 17,16,13,5,2,1,0
64744.67, 13,12,9,8,2,1,0
39305.0, 16,12,9,8,2,1,0
55971.67, 17,12,9,8,2,1,0
56411.67, 16,13,9,8,2,1,0
51712.0, 17,13,9,8,2,1,0
61991.67, 17,16,9,8,2,1,0
38773.0, 16,13,12,8,2,1,0
55439.67, 17,13,12,8,2,1,0
36020.0, 17,16,12,8,2,1,0
53126.67, 17,16,13,8,2,1,0
57078.67, 16,13,12,9,2,1,0
52379.0, 17,13,12,9,2,1,0
54325.67, 17,16,12,9,2,1,0
50066.0, 17,16,13,9,2,1,0
61459.67, 17,16,13,12,2,1,0
64383.67, 9,8,5,4,3,1,0
38412.0, 12,8,5,4,3,1,0
55518.67, 13,8,5,4,3,1,0
38412.0, 16,8,5,4,3,1,0
55078.67, 17,8,5,4,3,1,0
56717.67, 12,9,5,4,3,1,0
50491.0, 13,9,5,4,3,1,0
56717.67, 16,9,5,4,3,1,0
50491.0, 17,9,5,4,3,1,0
63851.67, 13,12,5,4,3,1,0
38412.0, 16,12,5,4,3,1,0
55078.67, 17,12,5,4,3,1,0
55518.67, 16,13,5,4,3,1,0
50491.0, 17,13,5,4,3,1,0
61098.67, 17,16,5,4,3,1,0
39305.0, 12,9,8,4,3,1,0
56411.67, 13,9,8,4,3,1,0
39305.0, 16,9,8,4,3,1,0
55971.67, 17,9,8,4,3,1,0
38773.0, 13,12,8,4,3,1,0
0.0, 16,12,8,4,3,1,0
30000.0, 17,12,8,4,3,1,0
30440.0, 16,13,8,4,3,1,0
47106.67, 17,13,8,4,3,1,0
36020.0, 17,16,8,4,3,1,0
57078.67, 13,12,9,4,3,1,0
31639.0, 16,12,9,4,3,1,0
48305.67, 17,12,9,4,3,1,0
48745.67, 16,13,9,4,3,1,0
44046.0, 17,13,9,4,3,1,0
54325.67, 17,16,9,4,3,1,0
38773.0, 16,13,12,4,3,1,0
55439.67, 17,13,12,4,3,1,0
36020.0, 17,16,12,4,3,1,0
53126.67, 17,16,13,4,3,1,0
57938.67, 12,9,8,5,3,1,0
51712.0, 13,9,8,5,3,1,0
57938.67, 16,9,8,5,3,1,0
51712.0, 17,9,8,5,3,1,0
57406.67, 13,12,8,5,3,1,0
31967.0, 16,12,8,5,3,1,0
48633.67, 17,12,8,5,3,1,0
49073.67, 16,13,8,5,3,1,0
44046.0, 17,13,8,5,3,1,0
54653.67, 17,16,8,5,3,1,0
52379.0, 13,12,9,5,3,1,0
50272.67, 16,12,9,5,3,1,0
44046.0, 17,12,9,5,3,1,0
44046.0, 16,13,9,5,3,1,0
44046.0, 17,13,9,5,3,1,0
50066.0, 17,16,9,5,3,1,0
57406.67, 16,13,12,5,3,1,0
52379.0, 17,13,12,5,3,1,0
54653.67, 17,16,12,5,3,1,0
50066.0, 17,16,13,5,3,1,0
64744.67, 13,12,9,8,3,1,0
39305.0, 16,12,9,8,3,1,0
55971.67, 17,12,9,8,3,1,0
56411.67, 16,13,9,8,3,1,0
51712.0, 17,13,9,8,3,1,0
61991.67, 17,16,9,8,3,1,0
38773.0, 16,13,12,8,3,1,0
55439.67, 17,13,12,8,3,1,0
36020.0, 17,16,12,8,3,1,0
53126.67, 17,16,13,8,3,1,0
57078.67, 16,13,12,9,3,1,0
52379.0, 17,13,12,9,3,1,0
54325.67, 17,16,12,9,3,1,0
50066.0, 17,16,13,9,3,1,0
61459.67, 17,16,13,12,3,1,0
64383.67, 12,9,8,5,4,1,0
58157.0, 13,9,8,5,4,1,0
64383.67, 16,9,8,5,4,1,0
58157.0, 17,9,8,5,4,1,0
63851.67, 13,12,8,5,4,1,0
38412.0, 16,12,8,5,4,1,0
55078.67, 17,12,8,5,4,1,0
55518.67, 16,13,8,5,4,1,0
50491.0, 17,13,8,5,4,1,0
61098.67, 17,16,8,5,4,1,0
58824.0, 13,12,9,5,4,1,0
56717.67, 16,12,9,5,4,1,0
50491.0, 17,12,9,5,4,1,0
50491.0, 16,13,9,5,4,1,0
50491.0, 17,13,9,5,4,1,0
56511.0, 17,16,9,5,4,1,0
63851.67, 16,13,12,5,4,1,0
58824.0, 17,13,12,5,4,1,0
61098.67, 17,16,12,5,4,1,0
56511.0, 17,16,13,5,4,1,0
64744.67, 13,12,9,8,4,1,0
39305.0, 16,12,9,8,4,1,0
55971.67, 17,12,9,8,4,1,0
56411.67, 16,13,9,8,4,1,0
51712.0, 17,13,9,8,4,1,0
61991.67, 17,16,9,8,4,1,0
38773.0, 16,13,12,8,4,1,0
55439.67, 17,13,12,8,4,1,0
36020.0, 17,16,12,8,4,1,0
53126.67, 17,16,13,8,4,1,0
57078.67, 16,13,12,9,4,1,0
52379.0, 17,13,12,9,4,1,0
54325.67, 17,16,12,9,4,1,0
50066.0, 17,16,13,9,4,1,0
61459.67, 17,16,13,12,4,1,0
60045.0, 13,12,9,8,5,1,0
57938.67, 16,12,9,8,5,1,0
51712.0, 17,12,9,8,5,1,0
51712.0, 16,13,9,8,5,1,0
51712.0, 17,13,9,8,5,1,0
57732.0, 17,16,9,8,5,1,0
57406.67, 16,13,12,8,5,1,0
52379.0, 17,13,12,8,5,1,0
54653.67, 17,16,12,8,5,1,0
50066.0, 17,16,13,8,5,1,0
52379.0, 16,13,12,9,5,1,0
52379.0, 17,13,12,9,5,1,0
50066.0, 17,16,12,9,5,1,0
50066.0, 17,16,13,9,5,1,0
58399.0, 17,16,13,12,5,1,0
64744.67, 16,13,12,9,8,1,0
60045.0, 17,13,12,9,8,1,0
61991.67, 17,16,12,9,8,1,0
57732.0, 17,16,13,9,8,1,0
61459.67, 17,16,13,12,8,1,0
58399.0, 17,16,13,12,9,1,0
64383.67, 9,8,5,4,3,2,0
50491.0, 12,8,5,4,3,2,0
56717.67, 13,8,5,4,3,2,0
50491.0, 16,8,5,4,3,2,0
56717.67, 17,8,5,4,3,2,0
55518.67, 12,9,5,4,3,2,0
38412.0, 13,9,5,4,3,2,0
55078.67, 16,9,5,4,3,2,0
38412.0, 17,9,5,4,3,2,0
63851.67, 13,12,5,4,3,2,0
50491.0, 16,12,5,4,3,2,0
55518.67, 17,12,5,4,3,2,0
55078.67, 16,13,5,4,3,2,0
38412.0, 17,13,5,4,3,2,0
61098.67, 17,16,5,4,3,2,0
51712.0, 12,9,8,4,3,2,0
57938.67, 13,9,8,4,3,2,0
51712.0, 16,9,8,4,3,2,0
57938.67, 17,9,8,4,3,2,0
52379.0, 13,12,8,4,3,2,0
44046.0, 16,12,8,4,3,2,0
44046.0, 17,12,8,4,3,2,0
44046.0, 16,13,8,4,3,2,0
50272.67, 17,13,8,4,3,2,0
50066.0, 17,16,8,4,3,2,0
57406.67, 13,12,9,4,3,2,0
44046.0, 16,12,9,4,3,2,0
49073.67, 17,12,9,4,3,2,0
48633.67, 16,13,9,4,3,2,0
31967.0, 17,13,9,4,3,2,0
54653.67, 17,16,9,4,3,2,0
52379.0, 16,13,12,4,3,2,0
57406.67, 17,13,12,4,3,2,0
50066.0, 17,16,12,4,3,2,0
54653.67, 17,16,13,4,3,2,0
56411.67, 12,9,8,5,3,2,0
39305.0, 13,9,8,5,3,2,0
55971.67, 16,9,8,5,3,2,0
39305.0, 17,9,8,5,3,2,0
57078.67, 13,12,8,5,3,2,0
44046.0, 16,12,8,5,3,2,0
48745.67, 17,12,8,5,3,2,0
48305.67, 16,13,8,5,3,2,0
31639.0, 17,13,8,5,3,2,0
54325.67, 17,16,8,5,3,2,0
38773.0, 13,12,9,5,3,2,0
47106.67, 16,12,9,5,3,2,0
30440.0, 17,12,9,5,3,2,0
30000.0, 16,13,9,5,3,2,0
0.0, 17,13,9,5,3,2,0
36020.0, 17,16,9,5,3,2,0
55439.67, 16,13,12,5,3,2,0
38773.0, 17,13,12,5,3,2,0
53126.67, 17,16,12,5,3,2,0
36020.0, 17,16,13,5,3,2,0
64744.67, 13,12,9,8,3,2,0
51712.0, 16,12,9,8,3,2,0
56411.67, 17,12,9,8,3,2,0
55971.67, 16,13,9,8,3,2,0
39305.0, 17,13,9,8,3,2,0
61991.67, 17,16,9,8,3,2,0
52379.0, 16,13,12,8,3,2,0
57078.67, 17,13,12,8,3,2,0
50066.0, 17,16,12,8,3,2,0
54325.67, 17,16,13,8,3,2,0
55439.67, 16,13,12,9,3,2,0
38773.0, 17,13,12,9,3,2,0
53126.67, 17,16,12,9,3,2,0
36020.0, 17,16,13,9,3,2,0
61459.67, 17,16,13,12,3,2,0
64383.67, 12,9,8,5,4,2,0
64383.67, 13,9,8,5,4,2,0
64383.67, 16,9,8,5,4,2,0
64383.67, 17,9,8,5,4,2,0
63851.67, 13,12,8,5,4,2,0
38412.0, 16,12,8,5,4,2,0
55078.67, 17,12,8,5,4,2,0
55518.67, 16,13,8,5,4,2,0
56717.67, 17,13,8,5,4,2,0
61098.67, 17,16,8,5,4,2,0
63851.67, 13,12,9,5,4,2,0
56717.67, 16,12,9,5,4,2,0
55518.67, 17,12,9,5,4,2,0
55078.67, 16,13,9,5,4,2,0
38412.0, 17,13,9,5,4,2,0
61098.67, 17,16,9,5,4,2,0
63851.67, 16,13,12,5,4,2,0
63851.67, 17,13,12,5,4,2,0
61098.67, 17,16,12,5,4,2,0
61098.67, 17,16,13,5,4,2,0
64744.67, 13,12,9,8,4,2,0
39305.0, 16,12,9,8,4,2,0
55971.67, 17,12,9,8,4,2,0
56411.67, 16,13,9,8,4,2,0
57938.67, 17,13,9,8,4,2,0
61991.67, 17,16,9,8,4,2,0
38773.0, 16,13,12,8,4,2,0
55439.67, 17,13,12,8,4,2,0
36020.0, 17,16,12,8,4,2,0
53126.67, 17,16,13,8,4,2,0
57078.67, 16,13,12,9,4,2,0
57406.67, 17,13,12,9,4,2,0
54325.67, 17,16,12,9,4,2,0
54653.67, 17,16,13,9,4,2,0
61459.67, 17,16,13,12,4,2,0
64744.67, 13,12,9,8,5,2,0
57938.67, 16,12,9,8,5,2,0
56411.67, 17,12,9,8,5,2,0
55971.67, 16,13,9,8,5,2,0
39305.0, 17,13,9,8,5,2,0
61991.67, 17,16,9,8,5,2,0
57406.67, 16,13,12,8,5,2,0
57078.67, 17,13,12,8,5,2,0
54653.67, 17,16,12,8,5,2,0
54325.67, 17,16,13,8,5,2,0
55439.67, 16,13,12,9,5,2,0
38773.0, 17,13,12,9,5,2,0
53126.67, 17,16,12,9,5,2,0
36020.0, 17,16,13,9,5,2,0
61459.67, 17,16,13,12,5,2,0
64744.67, 16,13,12,9,8,2,0
64744.67, 17,13,12,9,8,2,0
61991.67, 17,16,12,9,8,2,0
61991.67, 17,16,13,9,8,2,0
61459.67, 17,16,13,12,8,2,0
61459.67, 17,16,13,12,9,2,0
64383.67, 12,9,8,5,4,3,0
64383.67, 13,9,8,5,4,3,0
64383.67, 16,9,8,5,4,3,0
64383.67, 17,9,8,5,4,3,0
63851.67, 13,12,8,5,4,3,0
38412.0, 16,12,8,5,4,3,0
55078.67, 17,12,8,5,4,3,0
55518.67, 16,13,8,5,4,3,0
56717.67, 17,13,8,5,4,3,0
61098.67, 17,16,8,5,4,3,0
63851.67, 13,12,9,5,4,3,0
56717.67, 16,12,9,5,4,3,0
55518.67, 17,12,9,5,4,3,0
55078.67, 16,13,9,5,4,3,0
38412.0, 17,13,9,5,4,3,0
61098.67, 17,16,9,5,4,3,0
63851.67, 16,13,12,5,4,3,0
63851.67, 17,13,12,5,4,3,0
61098.67, 17,16,12,5,4,3,0
61098.67, 17,16,13,5,4,3,0
64744.67, 13,12,9,8,4,3,0
39305.0, 16,12,9,8,4,3,0
55971.67, 17,12,9,8,4,3,0
56411.67, 16,13,9,8,4,3,0
57938.67, 17,13,9,8,4,3,0
61991.67, 17,16,9,8,4,3,0
38773.0, 16,13,12,8,4,3,0
55439.67, 17,13,12,8,4,3,0
36020.0, 17,16,12,8,4,3,0
53126.67, 17,16,13,8,4,3,0
57078.67, 16,13,12,9,4,3,0
57406.67, 17,13,12,9,4,3,0
54325.67, 17,16,12,9,4,3,0
54653.67, 17,16,13,9,4,3,0
61459.67, 17,16,13,12,4,3,0
64744.67, 13,12,9,8,5,3,0
57938.67, 16,12,9,8,5,3,0
56411.67, 17,12,9,8,5,3,0
55971.67, 16,13,9,8,5,3,0
39305.0, 17,13,9,8,5,3,0
61991.67, 17,16,9,8,5,3,0
57406.67, 16,13,12,8,5,3,0
57078.67, 17,13,12,8,5,3,0
54653.67, 17,16,12,8,5,3,0
54325.67, 17,16,13,8,5,3,0
55439.67, 16,13,12,9,5,3,0
38773.0, 17,13,12,9,5,3,0
53126.67, 17,16,12,9,5,3,0
36020.0, 17,16,13,9,5,3,0
61459.67, 17,16,13,12,5,3,0
64744.67, 16,13,12,9,8,3,0
64744.67, 17,13,12,9,8,3,0
61991.67, 17,16,12,9,8,3,0
61991.67, 17,16,13,9,8,3,0
61459.67, 17,16,13,12,8,3,0
61459.67, 17,16,13,12,9,3,0
66490.0, 13,12,9,8,5,4,0
64383.67, 16,12,9,8,5,4,0
58157.0, 17,12,9,8,5,4,0
58157.0, 16,13,9,8,5,4,0
64383.67, 17,13,9,8,5,4,0
64177.0, 17,16,9,8,5,4,0
63851.67, 16,13,12,8,5,4,0
58824.0, 17,13,12,8,5,4,0
61098.67, 17,16,12,8,5,4,0
56511.0, 17,16,13,8,5,4,0
58824.0, 16,13,12,9,5,4,0
63851.67, 17,13,12,9,5,4,0
56511.0, 17,16,12,9,5,4,0
61098.67, 17,16,13,9,5,4,0
64844.0, 17,16,13,12,5,4,0
64744.67, 16,13,12,9,8,4,0
60045.0, 17,13,12,9,8,4,0
61991.67, 17,16,12,9,8,4,0
57732.0, 17,16,13,9,8,4,0
61459.67, 17,16,13,12,8,4,0
58399.0, 17,16,13,12,9,4,0
60045.0, 16,13,12,9,8,5,0
64744.67, 17,13,12,9,8,5,0
57732.0, 17,16,12,9,8,5,0
61991.67, 17,16,13,9,8,5,0
58399.0, 17,16,13,12,8,5,0
61459.67, 17,16,13,12,9,5,0
66065.0, 17,16,13,12,9,8,0
64383.67, 9,8,5,4,3,2,1
50491.0, 12,8,5,4,3,2,1
56717.67, 13,8,5,4,3,2,1
50491.0, 16,8,5,4,3,2,1
56717.67, 17,8,5,4,3,2,1
55518.67, 12,9,5,4,3,2,1
38412.0, 13,9,5,4,3,2,1
55078.67, 16,9,5,4,3,2,1
38412.0, 17,9,5,4,3,2,1
63851.67, 13,12,5,4,3,2,1
50491.0, 16,12,5,4,3,2,1
55518.67, 17,12,5,4,3,2,1
55078.67, 16,13,5,4,3,2,1
38412.0, 17,13,5,4,3,2,1
61098.67, 17,16,5,4,3,2,1
51712.0, 12,9,8,4,3,2,1
57938.67, 13,9,8,4,3,2,1
51712.0, 16,9,8,4,3,2,1
57938.67, 17,9,8,4,3,2,1
52379.0, 13,12,8,4,3,2,1
44046.0, 16,12,8,4,3,2,1
44046.0, 17,12,8,4,3,2,1
44046.0, 16,13,8,4,3,2,1
50272.67, 17,13,8,4,3,2,1
50066.0, 17,16,8,4,3,2,1
57406.67, 13,12,9,4,3,2,1
44046.0, 16,12,9,4,3,2,1
49073.67, 17,12,9,4,3,2,1
48633.67, 16,13,9,4,3,2,1
31967.0, 17,13,9,4,3,2,1
54653.67, 17,16,9,4,3,2,1
52379.0, 16,13,12,4,3,2,1
57406.67, 17,13,12,4,3,2,1
50066.0, 17,16,12,4,3,2,1
54653.67, 17,16,13,4,3,2,1
56411.67, 12,9,8,5,3,2,1
39305.0, 13,9,8,5,3,2,1
55971.67, 16,9,8,5,3,2,1
39305.0, 17,9,8,5,3,2,1
57078.67, 13,12,8,5,3,2,1
44046.0, 16,12,8,5,3,2,1
48745.67, 17,12,8,5,3,2,1
48305.67, 16,13,8,5,3,2,1
31639.0, 17,13,8,5,3,2,1
54325.67, 17,16,8,5,3,2,1
38773.0, 13,12,9,5,3,2,1
47106.67, 16,12,9,5,3,2,1
30440.0, 17,12,9,5,3,2,1
30000.0, 16,13,9,5,3,2,1
0.0, 17,13,9,5,3,2,1
36020.0, 17,16,9,5,3,2,1
55439.67, 16,13,12,5,3,2,1
38773.0, 17,13,12,5,3,2,1
53126.67, 17,16,12,5,3,2,1
36020.0, 17,16,13,5,3,2,1
64744.67, 13,12,9,8,3,2,1
51712.0, 16,12,9,8,3,2,1
56411.67, 17,12,9,8,3,2,1
55971.67, 16,13,9,8,3,2,1
39305.0, 17,13,9,8,3,2,1
61991.67, 17,16,9,8,3,2,1
52379.0, 16,13,12,8,3,2,1
57078.67, 17,13,12,8,3,2,1
50066.0, 17,16,12,8,3,2,1
54325.67, 17,16,13,8,3,2,1
55439.67, 16,13,12,9,3,2,1
38773.0, 17,13,12,9,3,2,1
53126.67, 17,16,12,9,3,2,1
36020.0, 17,16,13,9,3,2,1
61459.67, 17,16,13,12,3,2,1
64383.67, 12,9,8,5,4,2,1
64383.67, 13,9,8,5,4,2,1
64383.67, 16,9,8,5,4,2,1
64383.67, 17,9,8,5,4,2,1
63851.67, 13,12,8,5,4,2,1
38412.0, 16,12,8,5,4,2,1
55078.67, 17,12,8,5,4,2,1
55518.67, 16,13,8,5,4,2,1
56717.67, 17,13,8,5,4,2,1
61098.67, 17,16,8,5,4,2,1
63851.67, 13,12,9,5,4,2,1
56717.67, 16,12,9,5,4,2,1
55518.67, 17,12,9,5,4,2,1
55078.67, 16,13,9,5,4,2,1
38412.0, 17,13,9,5,4,2,1
61098.67, 17,16,9,5,4,2,1
63851.67, 16,13,12,5,4,2,1
63851.67, 17,13,12,5,4,2,1
61098.67, 17,16,12,5,4,2,1
61098.67, 17,16,13,5,4,2,1
64744.67, 13,12,9,8,4,2,1
39305.0, 16,12,9,8,4,2,1
55971.67, 17,12,9,8,4,2,1
56411.67, 16,13,9,8,4,2,1
57938.67, 17,13,9,8,4,2,1
61991.67, 17,16,9,8,4,2,1
38773.0, 16,13,12,8,4,2,1
55439.67, 17,13,12,8,4,2,1
36020.0, 17,16,12,8,4,2,1
53126.67, 17,16,13,8,4,2,1
57078.67, 16,13,12,9,4,2,1
57406.67, 17,13,12,9,4,2,1
54325.67, 17,16,12,9,4,2,1
54653.67, 17,16,13,9,4,2,1
61459.67, 17,16,13,12,4,2,1
64744.67, 13,12,9,8,5,2,1
57938.67, 16,12,9,8,5,2,1
56411.67, 17,12,9,8,5,2,1
55971.67, 16,13,9,8,5,2,1
39305.0, 17,13,9,8,5,2,1
61991.67, 17,16,9,8,5,2,1
57406.67, 16,13,12,8,5,2,1
57078.67, 17,13,12,8,5,2,1
54653.67, 17,16,12,8,5,2,1
54325.67, 17,16,13,8,5,2,1
55439.67, 16,13,12,9,5,2,1
38773.0, 17,13,12,9,5,2,1
53126.67, 17,16,12,9,5,2,1
36020.0, 17,16,13,9,5,2,1
61459.67, 17,16,13,12,5,2,1
64744.67, 16,13,12,9,8,2,1
64744.67, 17,13,12,9,8,2,1
61991.67, 17,16,12,9,8,2,1
61991.67, 17,16,13,9,8,2,1
61459.67, 17,16,13,12,8,2,1
61459.67, 17,16,13,12,9,2,1
64383.67, 12,9,8,5,4,3,1
64383.67, 13,9,8,5,4,3,1
64383.67, 16,9,8,5,4,3,1
64383.67, 17,9,8,5,4,3,1
63851.67, 13,12,8,5,4,3,1
38412.0, 16,12,8,5,4,3,1
55078.67, 17,12,8,5,4,3,1
55518.67, 16,13,8,5,4,3,1
56717.67, 17,13,8,5,4,3,1
61098.67, 17,16,8,5,4,3,1
63851.67, 13,12,9,5,4,3,1
56717.67, 16,12,9,5,4,3,1
55518.67, 17,12,9,5,4,3,1
55078.67, 16,13,9,5,4,3,1
38412.0, 17,13,9,5,4,3,1
61098.67, 17,16,9,5,4,3,1
63851.67, 16,13,12,5,4,3,1
63851.67, 17,13,12,5,4,3,1
61098.67, 17,16,12,5,4,3,1
61098.67, 17,16,13,5,4,3,1
64744.67, 13,12,9,8,4,3,1
39305.0, 16,12,9,8,4,3,1
55971.67, 17,12,9,8,4,3,1
56411.67, 16,13,9,8,4,3,1
57938.67, 17,13,9,8,4,3,1
61991.67, 17,16,9,8,4,3,1
38773.0, 16,13,12,8,4,3,1
55439.67, 17,13,12,8,4,3,1
36020.0, 17,16,12,8,4,3,1
53126.67, 17,16,13,8,4,3,1
57078.67, 16,13,12,9,4,3,1
57406.67, 17,13,12,9,4,3,1
54325.67, 17,16,12,9,4,3,1
54653.67, 17,16,13,9,4,3,1
61459.67, 17,16,13,12,4,3,1
64744.67, 13,12,9,8,5,3,1
57938.67, 16,12,9,8,5,3,1
56411.67, 17,12,9,8,5,3,1
55971.67, 16,13,9,8,5,3,1
39305.0, 17,13,9,8,5,3,1
61991.67, 17,16,9,8,5,3,1
57406.67, 16,13,12,8,5,3,1
57078.67, 17,13,12,8,5,3,1
54653.67, 17,16,12,8,5,3,1
54325.67, 17,16,13,8,5,3,1
55439.67, 16,13,12,9,5,3,1
38773.0, 17,13,12,9,5,3,1
53126.67, 17,16,12,9,5,3,1
36020.0, 17,16,13,9,5,3,1
61459.67, 17,16,13,12,5,3,1
64744.67, 16,13,12,9,8,3,1
64744.67, 17,13,12,9,8,3,1
61991.67, 17,16,12,9,8,3,1
61991.67, 17,16,13,9,8,3,1
61459.67, 17,16,13,12,8,3,1
61459.67, 17,16,13,12,9,3,1
66490.0, 13,12,9,8,5,4,1
64383.67, 16,12,9,8,5,4,1
58157.0, 17,12,9,8,5,4,1
58157.0, 16,13,9,8,5,4,1
64383.67, 17,13,9,8,5,4,1
64177.0, 17,16,9,8,5,4,1
63851.67, 16,13,12,8,5,4,1
58824.0, 17,13,12,8,5,4,1
61098.67, 17,16,12,8,5,4,1
56511.0, 17,16,13,8,5,4,1
58824.0, 16,13,12,9,5,4,1
63851.67, 17,13,12,9,5,4,1
56511.0, 17,16,12,9,5,4,1
61098.67, 17,16,13,9,5,4,1
64844.0, 17,16,13,12,5,4,1
64744.67, 16,13,12,9,8,4,1
60045.0, 17,13,12,9,8,4,1
61991.67, 17,16,12,9,8,4,1
57732.0, 17,16,13,9,8,4,1
61459.67, 17,16,13,12,8,4,1
58399.0, 17,16,13,12,9,4,1
60045.0, 16,13,12,9,8,5,1
64744.67, 17,13,12,9,8,5,1
57732.0, 17,16,12,9,8,5,1
61991.67, 17,16,13,9,8,5,1
58399.0, 17,16,13,12,8,5,1
61459.67, 17,16,13,12,9,5,1
66065.0, 17,16,13,12,9,8,1
58157.0, 12,9,8,5,4,3,2
64383.67, 13,9,8,5,4,3,2
58157.0, 16,9,8,5,4,3,2
64383.67, 17,9,8,5,4,3,2
58824.0, 13,12,8,5,4,3,2
50491.0, 16,12,8,5,4,3,2
50491.0, 17,12,8,5,4,3,2
50491.0, 16,13,8,5,4,3,2
56717.67, 17,13,8,5,4,3,2
56511.0, 17,16,8,5,4,3,2
63851.67, 13,12,9,5,4,3,2
50491.0, 16,12,9,5,4,3,2
55518.67, 17,12,9,5,4,3,2
55078.67, 16,13,9,5,4,3,2
38412.0, 17,13,9,5,4,3,2
61098.67, 17,16,9,5,4,3,2
58824.0, 16,13,12,5,4,3,2
63851.67, 17,13,12,5,4,3,2
56511.0, 17,16,12,5,4,3,2
61098.67, 17,16,13,5,4,3,2
60045.0, 13,12,9,8,4,3,2
51712.0, 16,12,9,8,4,3,2
51712.0, 17,12,9,8,4,3,2
51712.0, 16,13,9,8,4,3,2
57938.67, 17,13,9,8,4,3,2
57732.0, 17,16,9,8,4,3,2
52379.0, 16,13,12,8,4,3,2
52379.0, 17,13,12,8,4,3,2
50066.0, 17,16,12,8,4,3,2
50066.0, 17,16,13,8,4,3,2
52379.0, 16,13,12,9,4,3,2
57406.67, 17,13,12,9,4,3,2
50066.0, 17,16,12,9,4,3,2
54653.67, 17,16,13,9,4,3,2
58399.0, 17,16,13,12,4,3,2
64744.67, 13,12,9,8,5,3,2
51712.0, 16,12,9,8,5,3,2
56411.67, 17,12,9,8,5,3,2
55971.67, 16,13,9,8,5,3,2
39305.0, 17,13,9,8,5,3,2
61991.67, 17,16,9,8,5,3,2
52379.0, 16,13,12,8,5,3,2
57078.67, 17,13,12,8,5,3,2
50066.0, 17,16,12,8,5,3,2
54325.67, 17,16,13,8,5,3,2
55439.67, 16,13,12,9,5,3,2
38773.0, 17,13,12,9,5,3,2
53126.67, 17,16,12,9,5,3,2
36020.0, 17,16,13,9,5,3,2
61459.67, 17,16,13,12,5,3,2
60045.0, 16,13,12,9,8,3,2
64744.67, 17,13,12,9,8,3,2
57732.0, 17,16,12,9,8,3,2
61991.67, 17,16,13,9,8,3,2
58399.0, 17,16,13,12,8,3,2
61459.67, 17,16,13,12,9,3,2
66490.0, 13,12,9,8,5,4,2
64383.67, 16,12,9,8,5,4,2
58157.0, 17,12,9,8,5,4,2
58157.0, 16,13,9,8,5,4,2
64383.67, 17,13,9,8,5,4,2
64177.0, 17,16,9,8,5,4,2
63851.67, 16,13,12,8,5,4,2
58824.0, 17,13,12,8,5,4,2
61098.67, 17,16,12,8,5,4,2
56511.0, 17,16,13,8,5,4,2
58824.0, 16,13,12,9,5,4,2
63851.67, 17,13,12,9,5,4,2
56511.0, 17,16,12,9,5,4,2
61098.67, 17,16,13,9,5,4,2
64844.0, 17,16,13,12,5,4,2
64744.67, 16,13,12,9,8,4,2
60045.0, 17,13,12,9,8,4,2
61991.67, 17,16,12,9,8,4,2
57732.0, 17,16,13,9,8,4,2
61459.67, 17,16,13,12,8,4,2
58399.0, 17,16,13,12,9,4,2
60045.0, 16,13,12,9,8,5,2
64744.67, 17,13,12,9,8,5,2
57732.0, 17,16,12,9,8,5,2
61991.67, 17,16,13,9,8,5,2
58399.0, 17,16,13,12,8,5,2
61459.67, 17,16,13,12,9,5,2
66065.0, 17,16,13,12,9,8,2
66490.0, 13,12,9,8,5,4,3
64383.67, 16,12,9,8,5,4,3
58157.0, 17,12,9,8,5,4,3
58157.0, 16,13,9,8,5,4,3
64383.67, 17,13,9,8,5,4,3
64177.0, 17,16,9,8,5,4,3
63851.67, 16,13,12,8,5,4,3
58824.0, 17,13,12,8,5,4,3
61098.67, 17,16,12,8,5,4,3
56511.0, 17,16,13,8,5,4,3
58824.0, 16,13,12,9,5,4,3
63851.67, 17,13,12,9,5,4,3
56511.0, 17,16,12,9,5,4,3
61098.67, 17,16,13,9,5,4,3
64844.0, 17,16,13,12,5,4,3
64744.67, 16,13,12,9,8,4,3
60045.0, 17,13,12,9,8,4,3
61991.67, 17,16,12,9,8,4,3
57732.0, 17,16,13,9,8,4,3
61459.67, 17,16,13,12,8,4,3
58399.0, 17,16,13,12,9,4,3
60045.0, 16,13,12,9,8,5,3
64744.67, 17,13,12,9,8,5,3
57732.0, 17,16,12,9,8,5,3
61991.67, 17,16,13,9,8,5,3
58399.0, 17,16,13,12,8,5,3
61459.67, 17,16,13,12,9,5,3
66065.0, 17,16,13,12,9,8,3
66490.0, 16,13,12,9,8,5,4
66490.0, 17,13,12,9,8,5,4
64177.0, 17,16,12,9,8,5,4
64177.0, 17,16,13,9,8,5,4
64844.0, 17,16,13,12,8,5,4
64844.0, 17,16,13,12,9,5,4
66065.0, 17,16,13,12,9,8,4
66065.0, 17,16,13,12,9,8,5
58157.0, 9,8,5,4,3,2,1,0
50491.0, 12,8,5,4,3,2,1,0
50491.0, 13,8,5,4,3,2,1,0
50491.0, 16,8,5,4,3,2,1,0
50491.0, 17,8,5,4,3,2,1,0
50491.0, 12,9,5,4,3,2,1,0
50491.0, 13,9,5,4,3,2,1,0
50491.0, 16,9,5,4,3,2,1,0
50491.0, 17,9,5,4,3,2,1,0
58824.0, 13,12,5,4,3,2,1,0
50491.0, 16,12,5,4,3,2,1,0
50491.0, 17,12,5,4,3,2,1,0
50491.0, 16,13,5,4,3,2,1,0
50491.0, 17,13,5,4,3,2,1,0
56511.0, 17,16,5,4,3,2,1,0
51712.0, 12,9,8,4,3,2,1,0
51712.0, 13,9,8,4,3,2,1,0
51712.0, 16,9,8,4,3,2,1,0
51712.0, 17,9,8,4,3,2,1,0
52379.0, 13,12,8,4,3,2,1,0
44046.0, 16,12,8,4,3,2,1,0
44046.0, 17,12,8,4,3,2,1,0
44046.0, 16,13,8,4,3,2,1,0
44046.0, 17,13,8,4,3,2,1,0
50066.0, 17,16,8,4,3,2,1,0
52379.0, 13,12,9,4,3,2,1,0
44046.0, 16,12,9,4,3,2,1,0
44046.0, 17,12,9,4,3,2,1,0
44046.0, 16,13,9,4,3,2,1,0
44046.0, 17,13,9,4,3,2,1,0
50066.0, 17,16,9,4,3,2,1,0
52379.0, 16,13,12,4,3,2,1,0
52379.0, 17,13,12,4,3,2,1,0
50066.0, 17,16,12,4,3,2,1,0
50066.0, 17,16,13,4,3,2,1,0
51712.0, 12,9,8,5,3,2,1,0
51712.0, 13,9,8,5,3,2,1,0
51712.0, 16,9,8,5,3,2,1,0
51712.0, 17,9,8,5,3,2,1,0
52379.0, 13,12,8,5,3,2,1,0
44046.0, 16,12,8,5,3,2,1,0
44046.0, 17,12,8,5,3,2,1,0
44046.0, 16,13,8,5,3,2,1,0
44046.0, 17,13,8,5,3,2,1,0
50066.0, 17,16,8,5,3,2,1,0
52379.0, 13,12,9,5,3,2,1,0
44046.0, 16,12,9,5,3,2,1,0
44046.0, 17,12,9,5,3,2,1,0
44046.0, 16,13,9,5,3,2,1,0
44046.0, 17,13,9,5,3,2,1,0
50066.0, 17,16,9,5,3,2,1,0
52379.0, 16,13,12,5,3,2,1,0
52379.0, 17,13,12,5,3,2,1,0
50066.0, 17,16,12,5,3,2,1,0
50066.0, 17,16,13,5,3,2,1,0
60045.0, 13,12,9,8,3,2,1,0
51712.0, 16,12,9,8,3,2,1,0
51712.0, 17,12,9,8,3,2,1,0
51712.0, 16,13,9,8,3,2,1,0
51712.0, 17,13,9,8,3,2,1,0
57732.0, 17,16,9,8,3,2,1,0
52379.0, 16,13,12,8,3,2,1,0
52379.0, 17,13,12,8,3,2,1,0
50066.0, 17,16,12,8,3,2,1,0
50066.0, 17,16,13,8,3,2,1,0
52379.0, 16,13,12,9,3,2,1,0
52379.0, 17,13,12,9,3,2,1,0
50066.0, 17,16,12,9,3,2,1,0
50066.0, 17,16,13,9,3,2,1,0
58399.0, 17,16,13,12,3,2,1,0
64383.67, 12,9,8,5,4,2,1,0
58157.0, 13,9,8,5,4,2,1,0
64383.67, 16,9,8,5,4,2,1,0
58157.0, 17,9,8,5,4,2,1,0
63851.67, 13,12,8,5,4,2,1,0
38412.0, 16,12,8,5,4,2,1,0
55078.67, 17,12,8,5,4,2,1,0
55518.67, 16,13,8,5,4,2,1,0
50491.0, 17,13,8,5,4,2,1,0
61098.67, 17,16,8,5,4,2,1,0
58824.0, 13,12,9,5,4,2,1,0
56717.67, 16,12,9,5,4,2,1,0
50491.0, 17,12,9,5,4,2,1,0
50491.0, 16,13,9,5,4,2,1,0
50491.0, 17,13,9,5,4,2,1,0
56511.0, 17,16,9,5,4,2,1,0
63851.67, 16,13,12,5,4,2,1,0
58824.0, 17,13,12,5,4,2,1,0
61098.67, 17,16,12,5,4,2,1,0
56511.0, 17,16,13,5,4,2,1,0
64744.67, 13,12,9,8,4,2,1,0
39305.0, 16,12,9,8,4,2,1,0
55971.67, 17,12,9,8,4,2,1,0
56411.67, 16,13,9,8,4,2,1,0
51712.0, 17,13,9,8,4,2,1,0
61991.67, 17,16,9,8,4,2,1,0
38773.0, 16,13,12,8,4,2,1,0
55439.67, 17,13,12,8,4,2,1,0
36020.0, 17,16,12,8,4,2,1,0
53126.67, 17,16,13,8,4,2,1,0
57078.67, 16,13,12,9,4,2,1,0
52379.0, 17,13,12,9,4,2,1,0
54325.67, 17,16,12,9,4,2,1,0
50066.0, 17,16,13,9,4,2,1,0
61459.67, 17,16,13,12,4,2,1,0
60045.0, 13,12,9,8,5,2,1,0
57938.67, 16,12,9,8,5,2,1,0
51712.0, 17,12,9,8,5,2,1,0
51712.0, 16,13,9,8,5,2,1,0
51712.0, 17,13,9,8,5,2,1,0
57732.0, 17,16,9,8,5,2,1,0
57406.67, 16,13,12,8,5,2,1,0
52379.0, 17,13,12,8,5,2,1,0
54653.67, 17,16,12,8,5,2,1,0
50066.0, 17,16,13,8,5,2,1,0
52379.0, 16,13,12,9,5,2,1,0
52379.0, 17,13,12,9,5,2,1,0
50066.0, 17,16,12,9,5,2,1,0
50066.0, 17,16,13,9,5,2,1,0
58399.0, 17,16,13,12,5,2,1,0
64744.67, 16,13,12,9,8,2,1,0
60045.0, 17,13,12,9,8,2,1,0
61991.67, 17,16,12,9,8,2,1,0
57732.0, 17,16,13,9,8,2,1,0
61459.67, 17,16,13,12,8,2,1,0
58399.0, 17,16,13,12,9,2,1,0
64383.67, 12,9,8,5,4,3,1,0
58157.0, 13,9,8,5,4,3,1,0
64383.67, 16,9,8,5,4,3,1,0
58157.0, 17,9,8,5,4,3,1,0
63851.67, 13,12,8,5,4,3,1,0
38412.0, 16,12,8,5,4,3,1,0
55078.67, 17,12,8,5,4,3,1,0
55518.67, 16,13,8,5,4,3,1,0
50491.0, 17,13,8,5,4,3,1,0
61098.67, 17,16,8,5,4,3,1,0
58824.0, 13,12,9,5,4,3,1,0
56717.67, 16,12,9,5,4,3,1,0
50491.0, 17,12,9,5,4,3,1,0
50491.0, 16,13,9,5,4,3,1,0
50491.0, 17,13,9,5,4,3,1,0
56511.0, 17,16,9,5,4,3,1,0
63851.67, 16,13,12,5,4,3,1,0
58824.0, 17,13,12,5,4,3,1,0
61098.67, 17,16,12,5,4,3,1,0
56511.0, 17,16,13,5,4,3,1,0
64744.67, 13,12,9,8,4,3,1,0
39305.0, 16,12,9,8,4,3,1,0
55971.67, 17,12,9,8,4,3,1,0
56411.67, 16,13,9,8,4,3,1,0
51712.0, 17,13,9,8,4,3,1,0
61991.67, 17,16,9,8,4,3,1,0
38773.0, 16,13,12,8,4,3,1,0
55439.67, 17,13,12,8,4,3,1,0
36020.0, 17,16,12,8,4,3,1,0
53126.67, 17,16,13,8,4,3,1,0
57078.67, 16,13,12,9,4,3,1,0
52379.0, 17,13,12,9,4,3,1,0
54325.67, 17,16,12,9,4,3,1,0
50066.0, 17,16,13,9,4,3,1,0
61459.67, 17,16,13,12,4,3,1,0
60045.0, 13,12,9,8,5,3,1,0
57938.67, 16,12,9,8,5,3,1,0
51712.0, 17,12,9,8,5,3,1,0
51712.0, 16,13,9,8,5,3,1,0
51712.0, 17,13,9,8,5,3,1,0
57732.0, 17,16,9,8,5,3,1,0
57406.67, 16,13,12,8,5,3,1,0
52379.0, 17,13,12,8,5,3,1,0
54653.67, 17,16,12,8,5,3,1,0
50066.0, 17,16,13,8,5,3,1,0
52379.0, 16,13,12,9,5,3,1,0
52379.0, 17,13,12,9,5,3,1,0
50066.0, 17,16,12,9,5,3,1,0
50066.0, 17,16,13,9,5,3,1,0
58399.0, 17,16,13,12,5,3,1,0
64744.67, 16,13,12,9,8,3,1,0
60045.0, 17,13,12,9,8,3,1,0
61991.67, 17,16,12,9,8,3,1,0
57732.0, 17,16,13,9,8,3,1,0
61459.67, 17,16,13,12,8,3,1,0
58399.0, 17,16,13,12,9,3,1,0
66490.0, 13,12,9,8,5,4,1,0
64383.67, 16,12,9,8,5,4,1,0
58157.0, 17,12,9,8,5,4,1,0
58157.0, 16,13,9,8,5,4,1,0
58157.0, 17,13,9,8,5,4,1,0
64177.0, 17,16,9,8,5,4,1,0
63851.67, 16,13,12,8,5,4,1,0
58824.0, 17,13,12,8,5,4,1,0
61098.67, 17,16,12,8,5,4,1,0
56511.0, 17,16,13,8,5,4,1,0
58824.0, 16,13,12,9,5,4,1,0
58824.0, 17,13,12,9,5,4,1,0
56511.0, 17,16,12,9,5,4,1,0
56511.0, 17,16,13,9,5,4,1,0
64844.0, 17,16,13,12,5,4,1,0
64744.67, 16,13,12,9,8,4,1,0
60045.0, 17,13,12,9,8,4,1,0
61991.67, 17,16,12,9,8,4,1,0
57732.0, 17,16,13,9,8,4,1,0
61459.67, 17,16,13,12,8,4,1,0
58399.0, 17,16,13,12,9,4,1,0
60045.0, 16,13,12,9,8,5,1,0
60045.0, 17,13,12,9,8,5,1,0
57732.0, 17,16,12,9,8,5,1,0
57732.0, 17,16,13,9,8,5,1,0
58399.0, 17,16,13,12,8,5,1,0
58399.0, 17,16,13,12,9,5,1,0
66065.0, 17,16,13,12,9,8,1,0
58157.0, 12,9,8,5,4,3,2,0
64383.67, 13,9,8,5,4,3,2,0
58157.0, 16,9,8,5,4,3,2,0
64383.67, 17,9,8,5,4,3,2,0
58824.0, 13,12,8,5,4,3,2,0
50491.0, 16,12,8,5,4,3,2,0
50491.0, 17,12,8,5,4,3,2,0
50491.0, 16,13,8,5,4,3,2,0
56717.67, 17,13,8,5,4,3,2,0
56511.0, 17,16,8,5,4,3,2,0
63851.67, 13,12,9,5,4,3,2,0
50491.0, 16,12,9,5,4,3,2,0
55518.67, 17,12,9,5,4,3,2,0
55078.67, 16,13,9,5,4,3,2,0
38412.0, 17,13,9,5,4,3,2,0
61098.67, 17,16,9,5,4,3,2,0
58824.0, 16,13,12,5,4,3,2,0
63851.67, 17,13,12,5,4,3,2,0
56511.0, 17,16,12,5,4,3,2,0
61098.67, 17,16,13,5,4,3,2,0
60045.0, 13,12,9,8,4,3,2,0
51712.0, 16,12,9,8,4,3,2,0
51712.0, 17,12,9,8,4,3,2,0
51712.0, 16,13,9,8,4,3,2,0
57938.67, 17,13,9,8,4,3,2,0
57732.0, 17,16,9,8,4,3,2,0
52379.0, 16,13,12,8,4,3,2,0
52379.0, 17,13,12,8,4,3,2,0
50066.0, 17,16,12,8,4,3,2,0
50066.0, 17,16,13,8,4,3,2,0
52379.0, 16,13,12,9,4,3,2,0
57406.67, 17,13,12,9,4,3,2,0
50066.0, 17,16,12,9,4,3,2,0
54653.67, 17,16,13,9,4,3,2,0
58399.0, 17,16,13,12,4,3,2,0
64744.67, 13,12,9,8,5,3,2,0
51712.0, 16,12,9,8,5,3,2,0
56411.67, 17,12,9,8,5,3,2,0
55971.67, 16,13,9,8,5,3,2,0
39305.0, 17,13,9,8,5,3,2,0
61991.67, 17,16,9,8,5,3,2,0
52379.0, 16,13,12,8,5,3,2,0
57078.67, 17,13,12,8,5,3,2,0
50066.0, 17,16,12,8,5,3,2,0
54325.67, 17,16,13,8,5,3,2,0
55439.67, 16,13,12,9,5,3,2,0
38773.0, 17,13,12,9,5,3,2,0
53126.67, 17,16,12,9,5,3,2,0
36020.0, 17,16,13,9,5,3,2,0
61459.67, 17,16,13,12,5,3,2,0
60045.0, 16,13,12,9,8,3,2,0
64744.67, 17,13,12,9,8,3,2,0
57732.0, 17,16,12,9,8,3,2,0
61991.67, 17,16,13,9,8,3,2,0
58399.0, 17,16,13,12,8,3,2,0
61459.67, 17,16,13,12,9,3,2,0
66490.0, 13,12,9,8,5,4,2,0
64383.67, 16,12,9,8,5,4,2,0
58157.0, 17,12,9,8,5,4,2,0
58157.0, 16,13,9,8,5,4,2,0
64383.67, 17,13,9,8,5,4,2,0
64177.0, 17,16,9,8,5,4,2,0
63851.67, 16,13,12,8,5,4,2,0
58824.0, 17,13,12,8,5,4,2,0
61098.67, 17,16,12,8,5,4,2,0
56511.0, 17,16,13,8,5,4,2,0
58824.0, 16,13,12,9,5,4,2,0
63851.67, 17,13,12,9,5,4,2,0
56511.0, 17,16,12,9,5,4,2,0
61098.67, 17,16,13,9,5,4,2,0
64844.0, 17,16,13,12,5,4,2,0
64744.67, 16,13,12,9,8,4,2,0
60045.0, 17,13,12,9,8,4,2,0
61991.67, 17,16,12,9,8,4,2,0
57732.0, 17,16,13,9,8,4,2,0
61459.67, 17,16,13,12,8,4,2,0
58399.0, 17,16,13,12,9,4,2,0
60045.0, 16,13,12,9,8,5,2,0
64744.67, 17,13,12,9,8,5,2,0
57732.0, 17,16,12,9,8,5,2,0
61991.67, 17,16,13,9,8,5,2,0
58399.0, 17,16,13,12,8,5,2,0
61459.67, 17,16,13,12,9,5,2,0
66065.0, 17,16,13,12,9,8,2,0
66490.0, 13,12,9,8,5,4,3,0
64383.67, 16,12,9,8,5,4,3,0
58157.0, 17,12,9,8,5,4,3,0
58157.0, 16,13,9,8,5,4,3,0
64383.67, 17,13,9,8,5,4,3,0
64177.0, 17,16,9,8,5,4,3,0
63851.67, 16,13,12,8,5,4,3,0
58824.0, 17,13,12,8,5,4,3,0
61098.67, 17,16,12,8,5,4,3,0
56511.0, 17,16,13,8,5,4,3,0
58824.0, 16,13,12,9,5,4,3,0
63851.67, 17,13,12,9,5,4,3,0
56511.0, 17,16,12,9,5,4,3,0
61098.67, 17,16,13,9,5,4,3,0
64844.0, 17,16,13,12,5,4,3,0
64744.67, 16,13,12,9,8,4,3,0
60045.0, 17,13,12,9,8,4,3,0
61991.67, 17,16,12,9,8,4,3,0
57732.0, 17,16,13,9,8,4,3,0
61459.67, 17,16,13,12,8,4,3,0
58399.0, 17,16,13,12,9,4,3,0
60045.0, 16,13,12,9,8,5,3,0
64744.67, 17,13,12,9,8,5,3,0
57732.0, 17,16,12,9,8,5,3,0
61991.67, 17,16,13,9,8,5,3,0
58399.0, 17,16,13,12,8,5,3,0
61459.67, 17,16,13,12,9,5,3,0
66065.0, 17,16,13,12,9,8,3,0
66490.0, 16,13,12,9,8,5,4,0
66490.0, 17,13,12,9,8,5,4,0
64177.0, 17,16,12,9,8,5,4,0
64177.0, 17,16,13,9,8,5,4,0
64844.0, 17,16,13,12,8,5,4,0
64844.0, 17,16,13,12,9,5,4,0
66065.0, 17,16,13,12,9,8,4,0
66065.0, 17,16,13,12,9,8,5,0
58157.0, 12,9,8,5,4,3,2,1
64383.67, 13,9,8,5,4,3,2,1
58157.0, 16,9,8,5,4,3,2,1
64383.67, 17,9,8,5,4,3,2,1
58824.0, 13,12,8,5,4,3,2,1
50491.0, 16,12,8,5,4,3,2,1
50491.0, 17,12,8,5,4,3,2,1
50491.0, 16,13,8,5,4,3,2,1
56717.67, 17,13,8,5,4,3,2,1
56511.0, 17,16,8,5,4,3,2,1
63851.67, 13,12,9,5,4,3,2,1
50491.0, 16,12,9,5,4,3,2,1
55518.67, 17,12,9,5,4,3,2,1
55078.67, 16,13,9,5,4,3,2,1
38412.0, 17,13,9,5,4,3,2,1
61098.67, 17,16,9,5,4,3,2,1
58824.0, 16,13,12,5,4,3,2,1
63851.67, 17,13,12,5,4,3,2,1
56511.0, 17,16,12,5,4,3,2,1
61098.67, 17,16,13,5,4,3,2,1
60045.0, 13,12,9,8,4,3,2,1
51712.0, 16,12,9,8,4,3,2,1
51712.0, 17,12,9,8,4,3,2,1
51712.0, 16,13,9,8,4,3,2,1
57938.67, 17,13,9,8,4,3,2,1
57732.0, 17,16,9,8,4,3,2,1
52379.0, 16,13,12,8,4,3,2,1
52379.0, 17,13,12,8,4,3,2,1
50066.0, 17,16,12,8,4,3,2,1
50066.0, 17,16,13,8,4,3,2,1
52379.0, 16,13,12,9,4,3,2,1
57406.67, 17,13,12,9,4,3,2,1
50066.0, 17,16,12,9,4,3,2,1
54653.67, 17,16,13,9,4,3,2,1
58399.0, 17,16,13,12,4,3,2,1
64744.67, 13,12,9,8,5,3,2,1
51712.0, 16,12,9,8,5,3,2,1
56411.67, 17,12,9,8,5,3,2,1
55971.67, 16,13,9,8,5,3,2,1
39305.0, 17,13,9,8,5,3,2,1
61991.67, 17,16,9,8,5,3,2,1
52379.0, 16,13,12,8,5,3,2,1
57078.67, 17,13,12,8,5,3,2,1
50066.0, 17,16,12,8,5,3,2,1
54325.67, 17,16,13,8,5,3,2,1
55439.67, 16,13,12,9,5,3,2,1
38773.0, 17,13,12,9,5,3,2,1
53126.67, 17,16,12,9,5,3,2,1
36020.0, 17,16,13,9,5,3,2,1
61459.67, 17,16,13,12,5,3,2,1
60045.0, 16,13,12,9,8,3,2,1
64744.67, 17,13,12,9,8,3,2,1
57732.0, 17,16,12,9,8,3,2,1
61991.67, 17,16,13,9,8,3,2,1
58399.0, 17,16,13,12,8,3,2,1
61459.67, 17,16,13,12,9,3,2,1
66490.0, 13,12,9,8,5,4,2,1
64383.67, 16,12,9,8,5,4,2,1
58157.0, 17,12,9,8,5,4,2,1
58157.0, 16,13,9,8,5,4,2,1
64383.67, 17,13,9,8,5,4,2,1
64177.0, 17,16,9,8,5,4,2,1
63851.67, 16,13,12,8,5,4,2,1
58824.0, 17,13,12,8,5,4,2,1
61098.67, 17,16,12,8,5,4,2,1
56511.0, 17,16,13,8,5,4,2,1
58824.0, 16,13,12,9,5,4,2,1
63851.67, 17,13,12,9,5,4,2,1
56511.0, 17,16,12,9,5,4,2,1
61098.67, 17,16,13,9,5,4,2,1
64844.0, 17,16,13,12,5,4,2,1
64744.67, 16,13,12,9,8,4,2,1
60045.0, 17,13,12,9,8,4,2,1
61991.67, 17,16,12,9,8,4,2,1
57732.0, 17,16,13,9,8,4,2,1
61459.67, 17,16,13,12,8,4,2,1
58399.0, 17,16,13,12,9,4,2,1
60045.0, 16,13,12,9,8,5,2,1
64744.67, 17,13,12,9,8,5,2,1
57732.0, 17,16,12,9,8,5,2,1
61991.67, 17,16,13,9,8,5,2,1
58399.0, 17,16,13,12,8,5,2,1
61459.67, 17,16,13,12,9,5,2,1
66065.0, 17,16,13,12,9,8,2,1
66490.0, 13,12,9,8,5,4,3,1
64383.67, 16,12,9,8,5,4,3,1
58157.0, 17,12,9,8,5,4,3,1
58157.0, 16,13,9,8,5,4,3,1
64383.67, 17,13,9,8,5,4,3,1
64177.0, 17,16,9,8,5,4,3,1
63851.67, 16,13,12,8,5,4,3,1
58824.0, 17,13,12,8,5,4,3,1
61098.67, 17,16,12,8,5,4,3,1
56511.0, 17,16,13,8,5,4,3,1
58824.0, 16,13,12,9,5,4,3,1
63851.67, 17,13,12,9,5,4,3,1
56511.0, 17,16,12,9,5,4,3,1
61098.67, 17,16,13,9,5,4,3,1
64844.0, 17,16,13,12,5,4,3,1
64744.67, 16,13,12,9,8,4,3,1
60045.0, 17,13,12,9,8,4,3,1
61991.67, 17,16,12,9,8,4,3,1
57732.0, 17,16,13,9,8,4,3,1
61459.67, 17,16,13,12,8,4,3,1
58399.0, 17,16,13,12,9,4,3,1
60045.0, 16,13,12,9,8,5,3,1
64744.67, 17,13,12,9,8,5,3,1
57732.0, 17,16,12,9,8,5,3,1
61991.67, 17,16,13,9,8,5,3,1
58399.0, 17,16,13,12,8,5,3,1
61459.67, 17,16,13,12,9,5,3,1
66065.0, 17,16,13,12,9,8,3,1
66490.0, 16,13,12,9,8,5,4,1
66490.0, 17,13,12,9,8,5,4,1
64177.0, 17,16,12,9,8,5,4,1
64177.0, 17,16,13,9,8,5,4,1
64844.0, 17,16,13,12,8,5,4,1
64844.0, 17,16,13,12,9,5,4,1
66065.0, 17,16,13,12,9,8,4,1
66065.0, 17,16,13,12,9,8,5,1
66490.0, 13,12,9,8,5,4,3,2
58157.0, 16,12,9,8,5,4,3,2
58157.0, 17,12,9,8,5,4,3,2
58157.0, 16,13,9,8,5,4,3,2
64383.67, 17,13,9,8,5,4,3,2
64177.0, 17,16,9,8,5,4,3,2
58824.0, 16,13,12,8,5,4,3,2
58824.0, 17,13,12,8,5,4,3,2
56511.0, 17,16,12,8,5,4,3,2
56511.0, 17,16,13,8,5,4,3,2
58824.0, 16,13,12,9,5,4,3,2
63851.67, 17,13,12,9,5,4,3,2
56511.0, 17,16,12,9,5,4,3,2
61098.67, 17,16,13,9,5,4,3,2
64844.0, 17,16,13,12,5,4,3,2
60045.0, 16,13,12,9,8,4,3,2
60045.0, 17,13,12,9,8,4,3,2
57732.0, 17,16,12,9,8,4,3,2
57732.0, 17,16,13,9,8,4,3,2
58399.0, 17,16,13,12,8,4,3,2
58399.0, 17,16,13,12,9,4,3,2
60045.0, 16,13,12,9,8,5,3,2
64744.67, 17,13,12,9,8,5,3,2
57732.0, 17,16,12,9,8,5,3,2
61991.67, 17,16,13,9,8,5,3,2
58399.0, 17,16,13,12,8,5,3,2
61459.67, 17,16,13,12,9,5,3,2
66065.0, 17,16,13,12,9,8,3,2
66490.0, 16,13,12,9,8,5,4,2
66490.0, 17,13,12,9,8,5,4,2
64177.0, 17,16,12,9,8,5,4,2
64177.0, 17,16,13,9,8,5,4,2
64844.0, 17,16,13,12,8,5,4,2
64844.0, 17,16,13,12,9,5,4,2
66065.0, 17,16,13,12,9,8,4,2
66065.0, 17,16,13,12,9,8,5,2
66490.0, 16,13,12,9,8,5,4,3
66490.0, 17,13,12,9,8,5,4,3
64177.0, 17,16,12,9,8,5,4,3
64177.0, 17,16,13,9,8,5,4,3
64844.0, 17,16,13,12,8,5,4,3
64844.0, 17,16,13,12,9,5,4,3
66065.0, 17,16,13,12,9,8,4,3
66065.0, 17,16,13,12,9,8,5,3
72510.0, 17,16,13,12,9,8,5,4
58157.0, 12,9,8,5,4,3,2,1,0
58157.0, 13,9,8,5,4,3,2,1,0
58157.0, 16,9,8,5,4,3,2,1,0
58157.0, 17,9,8,5,4,3,2,1,0
58824.0, 13,12,8,5,4,3,2,1,0
50491.0, 16,12,8,5,4,3,2,1,0
50491.0, 17,12,8,5,4,3,2,1,0
50491.0, 16,13,8,5,4,3,2,1,0
50491.0, 17,13,8,5,4,3,2,1,0
56511.0, 17,16,8,5,4,3,2,1,0
58824.0, 13,12,9,5,4,3,2,1,0
50491.0, 16,12,9,5,4,3,2,1,0
50491.0, 17,12,9,5,4,3,2,1,0
50491.0, 16,13,9,5,4,3,2,1,0
50491.0, 17,13,9,5,4,3,2,1,0
56511.0, 17,16,9,5,4,3,2,1,0
58824.0, 16,13,12,5,4,3,2,1,0
58824.0, 17,13,12,5,4,3,2,1,0
56511.0, 17,16,12,5,4,3,2,1,0
56511.0, 17,16,13,5,4,3,2,1,0
60045.0, 13,12,9,8,4,3,2,1,0
51712.0, 16,12,9,8,4,3,2,1,0
51712.0, 17,12,9,8,4,3,2,1,0
51712.0, 16,13,9,8,4,3,2,1,0
51712.0, 17,13,9,8,4,3,2,1,0
57732.0, 17,16,9,8,4,3,2,1,0
52379.0, 16,13,12,8,4,3,2,1,0
52379.0, 17,13,12,8,4,3,2,1,0
50066.0, 17,16,12,8,4,3,2,1,0
50066.0, 17,16,13,8,4,3,2,1,0
52379.0, 16,13,12,9,4,3,2,1,0
52379.0, 17,13,12,9,4,3,2,1,0
50066.0, 17,16,12,9,4,3,2,1,0
50066.0, 17,16,13,9,4,3,2,1,0
58399.0, 17,16,13,12,4,3,2,1,0
60045.0, 13,12,9,8,5,3,2,1,0
51712.0, 16,12,9,8,5,3,2,1,0
51712.0, 17,12,9,8,5,3,2,1,0
51712.0, 16,13,9,8,5,3,2,1,0
51712.0, 17,13,9,8,5,3,2,1,0
57732.0, 17,16,9,8,5,3,2,1,0
52379.0, 16,13,12,8,5,3,2,1,0
52379.0, 17,13,12,8,5,3,2,1,0
50066.0, 17,16,12,8,5,3,2,1,0
50066.0, 17,16,13,8,5,3,2,1,0
52379.0, 16,13,12,9,5,3,2,1,0
52379.0, 17,13,12,9,5,3,2,1,0
50066.0, 17,16,12,9,5,3,2,1,0
50066.0, 17,16,13,9,5,3,2,1,0
58399.0, 17,16,13,12,5,3,2,1,0
60045.0, 16,13,12,9,8,3,2,1,0
60045.0, 17,13,12,9,8,3,2,1,0
57732.0, 17,16,12,9,8,3,2,1,0
57732.0, 17,16,13,9,8,3,2,1,0
58399.0, 17,16,13,12,8,3,2,1,0
58399.0, 17,16,13,12,9,3,2,1,0
66490.0, 13,12,9,8,5,4,2,1,0
64383.67, 16,12,9,8,5,4,2,1,0
58157.0, 17,12,9,8,5,4,2,1,0
58157.0, 16,13,9,8,5,4,2,1,0
58157.0, 17,13,9,8,5,4,2,1,0
64177.0, 17,16,9,8,5,4,2,1,0
63851.67, 16,13,12,8,5,4,2,1,0
58824.0, 17,13,12,8,5,4,2,1,0
61098.67, 17,16,12,8,5,4,2,1,0
56511.0, 17,16,13,8,5,4,2,1,0
58824.0, 16,13,12,9,5,4,2,1,0
58824.0, 17,13,12,9,5,4,2,1,0
56511.0, 17,16,12,9,5,4,2,1,0
56511.0, 17,16,13,9,5,4,2,1,0
64844.0, 17,16,13,12,5,4,2,1,0
64744.67, 16,13,12,9,8,4,2,1,0
60045.0, 17,13,12,9,8,4,2,1,0
61991.67, 17,16,12,9,8,4,2,1,0
57732.0, 17,16,13,9,8,4,2,1,0
61459.67, 17,16,13,12,8,4,2,1,0
58399.0, 17,16,13,12,9,4,2,1,0
60045.0, 16,13,12,9,8,5,2,1,0
60045.0, 17,13,12,9,8,5,2,1,0
57732.0, 17,16,12,9,8,5,2,1,0
57732.0, 17,16,13,9,8,5,2,1,0
58399.0, 17,16,13,12,8,5,2,1,0
58399.0, 17,16,13,12,9,5,2,1,0
66065.0, 17,16,13,12,9,8,2,1,0
66490.0, 13,12,9,8,5,4,3,1,0
64383.67, 16,12,9,8,5,4,3,1,0
58157.0, 17,12,9,8,5,4,3,1,0
58157.0, 16,13,9,8,5,4,3,1,0
58157.0, 17,13,9,8,5,4,3,1,0
64177.0, 17,16,9,8,5,4,3,1,0
63851.67, 16,13,12,8,5,4,3,1,0
58824.0, 17,13,12,8,5,4,3,1,0
61098.67, 17,16,12,8,5,4,3,1,0
56511.0, 17,16,13,8,5,4,3,1,0
58824.0, 16,13,12,9,5,4,3,1,0
58824.0, 17,13,12,9,5,4,3,1,0
56511.0, 17,16,12,9,5,4,3,1,0
56511.0, 17,16,13,9,5,4,3,1,0
64844.0, 17,16,13,12,5,4,3,1,0
64744.67, 16,13,12,9,8,4,3,1,0
60045.0, 17,13,12,9,8,4,3,1,0
61991.67, 17,16,12,9,8,4,3,1,0
57732.0, 17,16,13,9,8,4,3,1,0
61459.67, 17,16,13,12,8,4,3,1,0
58399.0, 17,16,13,12,9,4,3,1,0
60045.0, 16,13,12,9,8,5,3,1,0
60045.0, 17,13,12,9,8,5,3,1,0
57732.0, 17,16,12,9,8,5,3,1,0
57732.0, 17,16,13,9,8,5,3,1,0
58399.0, 17,16,13,12,8,5,3,1,0
58399.0, 17,16,13,12,9,5,3,1,0
66065.0, 17,16,13,12,9,8,3,1,0
66490.0, 16,13,12,9,8,5,4,1,0
66490.0, 17,13,12,9,8,5,4,1,0
64177.0, 17,16,12,9,8,5,4,1,0
64177.0, 17,16,13,9,8,5,4,1,0
64844.0, 17,16,13,12,8,5,4,1,0
64844.0, 17,16,13,12,9,5,4,1,0
66065.0, 17,16,13,12,9,8,4,1,0
66065.0, 17,16,13,12,9,8,5,1,0
66490.0, 13,12,9,8,5,4,3,2,0
58157.0, 16,12,9,8,5,4,3,2,0
58157.0, 17,12,9,8,5,4,3,2,0
58157.0, 16,13,9,8,5,4,3,2,0
64383.67, 17,13,9,8,5,4,3,2,0
64177.0, 17,16,9,8,5,4,3,2,0
58824.0, 16,13,12,8,5,4,3,2,0
58824.0, 17,13,12,8,5,4,3,2,0
56511.0, 17,16,12,8,5,4,3,2,0
56511.0, 17,16,13,8,5,4,3,2,0
58824.0, 16,13,12,9,5,4,3,2,0
63851.67, 17,13,12,9,5,4,3,2,0
56511.0, 17,16,12,9,5,4,3,2,0
61098.67, 17,16,13,9,5,4,3,2,0
64844.0, 17,16,13,12,5,4,3,2,0
60045.0, 16,13,12,9,8,4,3,2,0
60045.0, 17,13,12,9,8,4,3,2,0
57732.0, 17,16,12,9,8,4,3,2,0
57732.0, 17,16,13,9,8,4,3,2,0
58399.0, 17,16,13,12,8,4,3,2,0
58399.0, 17,16,13,12,9,4,3,2,0
60045.0, 16,13,12,9,8,5,3,2,0
64744.67, 17,13,12,9,8,5,3,2,0
57732.0, 17,16,12,9,8,5,3,2,0
61991.67, 17,16,13,9,8,5,3,2,0
58399.0, 17,16,13,12,8,5,3,2,0
61459.67, 17,16,13,12,9,5,3,2,0
66065.0, 17,16,13,12,9,8,3,2,0
66490.0, 16,13,12,9,8,5,4,2,0
66490.0, 17,13,12,9,8,5,4,2,0
64177.0, 17,16,12,9,8,5,4,2,0
64177.0, 17,16,13,9,8,5,4,2,0
64844.0, 17,16,13,12,8,5,4,2,0
64844.0, 17,16,13,12,9,5,4,2,0
66065.0, 17,16,13,12,9,8,4,2,0
66065.0, 17,16,13,12,9,8,5,2,0
66490.0, 16,13,12,9,8,5,4,3,0
66490.0, 17,13,12,9,8,5,4,3,0
64177.0, 17,16,12,9,8,5,4,3,0
64177.0, 17,16,13,9,8,5,4,3,0
64844.0, 17,16,13,12,8,5,4,3,0
64844.0, 17,16,13,12,9,5,4,3,0
66065.0, 17,16,13,12,9,8,4,3,0
66065.0, 17,16,13,12,9,8,5,3,0
72510.0, 17,16,13,12,9,8,5,4,0
66490.0, 13,12,9,8,5,4,3,2,1
58157.0, 16,12,9,8,5,4,3,2,1
58157.0, 17,12,9,8,5,4,3,2,1
58157.0, 16,13,9,8,5,4,3,2,1
64383.67, 17,13,9,8,5,4,3,2,1
64177.0, 17,16,9,8,5,4,3,2,1
58824.0, 16,13,12,8,5,4,3,2,1
58824.0, 17,13,12,8,5,4,3,2,1
56511.0, 17,16,12,8,5,4,3,2,1
56511.0, 17,16,13,8,5,4,3,2,1
58824.0, 16,13,12,9,5,4,3,2,1
63851.67, 17,13,12,9,5,4,3,2,1
56511.0, 17,16,12,9,5,4,3,2,1
61098.67, 17,16,13,9,5,4,3,2,1
64844.0, 17,16,13,12,5,4,3,2,1
60045.0, 16,13,12,9,8,4,3,2,1
60045.0, 17,13,12,9,8,4,3,2,1
57732.0, 17,16,12,9,8,4,3,2,1
57732.0, 17,16,13,9,8,4,3,2,1
58399.0, 17,16,13,12,8,4,3,2,1
58399.0, 17,16,13,12,9,4,3,2,1
60045.0, 16,13,12,9,8,5,3,2,1
64744.67, 17,13,12,9,8,5,3,2,1
57732.0, 17,16,12,9,8,5,3,2,1
61991.67, 17,16,13,9,8,5,3,2,1
58399.0, 17,16,13,12,8,5,3,2,1
61459.67, 17,16,13,12,9,5,3,2,1
66065.0, 17,16,13,12,9,8,3,2,1
66490.0, 16,13,12,9,8,5,4,2,1
66490.0, 17,13,12,9,8,5,4,2,1
64177.0, 17,16,12,9,8,5,4,2,1
64177.0, 17,16,13,9,8,5,4,2,1
64844.0, 17,16,13,12,8,5,4,2,1
64844.0, 17,16,13,12,9,5,4,2,1
66065.0, 17,16,13,12,9,8,4,2,1
66065.0, 17,16,13,12,9,8,5,2,1
66490.0, 16,13,12,9,8,5,4,3,1
66490.0, 17,13,12,9,8,5,4,3,1
64177.0, 17,16,12,9,8,5,4,3,1
64177.0, 17,16,13,9,8,5,4,3,1
64844.0, 17,16,13,12,8,5,4,3,1
64844.0, 17,16,13,12,9,5,4,3,1
66065.0, 17,16,13,12,9,8,4,3,1
66065.0, 17,16,13,12,9,8,5,3,1
72510.0, 17,16,13,12,9,8,5,4,1
66490.0, 16,13,12,9,8,5,4,3,2
66490.0, 17,13,12,9,8,5,4,3,2
64177.0, 17,16,12,9,8,5,4,3,2
64177.0, 17,16,13,9,8,5,4,3,2
64844.0, 17,16,13,12,8,5,4,3,2
64844.0, 17,16,13,12,9,5,4,3,2
66065.0, 17,16,13,12,9,8,4,3,2
66065.0, 17,16,13,12,9,8,5,3,2
72510.0, 17,16,13,12,9,8,5,4,2
72510.0, 17,16,13,12,9,8,5,4,3
66490.0, 13,12,9,8,5,4,3,2,1,0
58157.0, 16,12,9,8,5,4,3,2,1,0
58157.0, 17,12,9,8,5,4,3,2,1,0
58157.0, 16,13,9,8,5,4,3,2,1,0
58157.0, 17,13,9,8,5,4,3,2,1,0
64177.0, 17,16,9,8,5,4,3,2,1,0
58824.0, 16,13,12,8,5,4,3,2,1,0
58824.0, 17,13,12,8,5,4,3,2,1,0
56511.0, 17,16,12,8,5,4,3,2,1,0
56511.0, 17,16,13,8,5,4,3,2,1,0
58824.0, 16,13,12,9,5,4,3,2,1,0
58824.0, 17,13,12,9,5,4,3,2,1,0
56511.0, 17,16,12,9,5,4,3,2,1,0
56511.0, 17,16,13,9,5,4,3,2,1,0
64844.0, 17,16,13,12,5,4,3,2,1,0
60045.0, 16,13,12,9,8,4,3,2,1,0
60045.0, 17,13,12,9,8,4,3,2,1,0
57732.0, 17,16,12,9,8,4,3,2,1,0
57732.0, 17,16,13,9,8,4,3,2,1,0
58399.0, 17,16,13,12,8,4,3,2,1,0
58399.0, 17,16,13,12,9,4,3,2,1,0
60045.0, 16,13,12,9,8,5,3,2,1,0
60045.0, 17,13,12,9,8,5,3,2,1,0
57732.0, 17,16,12,9,8,5,3,2,1,0
57732.0, 17,16,13,9,8,5,3,2,1,0
58399.0, 17,16,13,12,8,5,3,2,1,0
58399.0, 17,16,13,12,9,5,3,2,1,0
66065.0, 17,16,13,12,9,8,3,2,1,0
66490.0, 16,13,12,9,8,5,4,2,1,0
66490.0, 17,13,12,9,8,5,4,2,1,0
64177.0, 17,16,12,9,8,5,4,2,1,0
64177.0, 17,16,13,9,8,5,4,2,1,0
64844.0, 17,16,13,12,8,5,4,2,1,0
64844.0, 17,16,13,12,9,5,4,2,1,0
66065.0, 17,16,13,12,9,8,4,2,1,0
66065.0, 17,16,13,12,9,8,5,2,1,0
66490.0, 16,13,12,9,8,5,4,3,1,0
66490.0, 17,13,12,9,8,5,4,3,1,0
64177.0, 17,16,12,9,8,5,4,3,1,0
64177.0, 17,16,13,9,8,5,4,3,1,0
64844.0, 17,16,13,12,8,5,4,3,1,0
64844.0, 17,16,13,12,9,5,4,3,1,0
66065.0, 17,16,13,12,9,8,4,3,1,0
66065.0, 17,16,13,12,9,8,5,3,1,0
72510.0, 17,16,13,12,9,8,5,4,1,0
66490.0, 16,13,12,9,8,5,4,3,2,0
66490.0, 17,13,12,9,8,5,4,3,2,0
64177.0, 17,16,12,9,8,5,4,3,2,0
64177.0, 17,16,13,9,8,5,4,3,2,0
64844.0, 17,16,13,12,8,5,4,3,2,0
64844.0, 17,16,13,12,9,5,4,3,2,0
66065.0, 17,16,13,12,9,8,4,3,2,0
66065.0, 17,16,13,12,9,8,5,3,2,0
72510.0, 17,16,13,12,9,8,5,4,2,0
72510.0, 17,16,13,12,9,8,5,4,3,0
66490.0, 16,13,12,9,8,5,4,3,2,1
66490.0, 17,13,12,9,8,5,4,3,2,1
64177.0, 17,16,12,9,8,5,4,3,2,1
64177.0, 17,16,13,9,8,5,4,3,2,1
64844.0, 17,16,13,12,8,5,4,3,2,1
64844.0, 17,16,13,12,9,5,4,3,2,1
66065.0, 17,16,13,12,9,8,4,3,2,1
66065.0, 17,16,13,12,9,8,5,3,2,1
72510.0, 17,16,13,12,9,8,5,4,2,1
72510.0, 17,16,13,12,9,8,5,4,3,1
72510.0, 17,16,13,12,9,8,5,4,3,2
66490.0, 16,13,12,9,8,5,4,3,2,1,0
66490.0, 17,13,12,9,8,5,4,3,2,1,0
64177.0, 17,16,12,9,8,5,4,3,2,1,0
64177.0, 17,16,13,9,8,5,4,3,2,1,0
64844.0, 17,16,13,12,8,5,4,3,2,1,0
64844.0, 17,16,13,12,9,5,4,3,2,1,0
66065.0, 17,16,13,12,9,8,4,3,2,1,0
66065.0, 17,16,13,12,9,8,5,3,2,1,0
72510.0, 17,16,13,12,9,8,5,4,2,1,0
72510.0, 17,16,13,12,9,8,5,4,3,1,0
72510.0, 17,16,13,12,9,8,5,4,3,2,0
72510.0, 17,16,13,12,9,8,5,4,3,2,1
72510.0, 17,16,13,12,9,8,5,4,3,2,1,0
